symbol,token
AARADHYA-SM,194078721
AAREYDRUGS,1342721
AARNAV,195026177
AARON,263681
AARTECH,4389121
AARTIDRUGS,1147137
AARTIIND,1793
AARTIPHARM,3550209
AARTISURF,4923649
AARTISURF-P1,3102977
AARVI,4882689
AATMAJ-SM,4342017
AAVAS,1378561
AB10BKINAV,7835393
ABAN-BE,1986305
ABB,3329
ABBOTINDIA,4583169
ABCAPITAL,5533185
ABCL020925-N0,194302209
ABCL26-N3,193521153
ABCL28-N6,193521921
ABCOTS,194337281
ABCRESET27-NM,193526017
ABCRESET28-N0,194321153
ABDL,6222849
ABFRL,7707649
ABGSEC,6247425
ABGSECINAV,6249217
ABHAPOWER-SM,6984705
ABHF26625-N0,193927425
ABINFRA,6917121
ABLBL,193751809
ABMINTLLTD-BE,1421057
ABNINT-IT,2198529
ABREL,160001
ABSL10BANK,194623233
ABSLAMC,1540609
ABSLBAINAV,2550785
ABSLBANETF,3580673
ABSLLIQUID,3716609
ABSLLQINAV,3718145
ABSLMSCIN,194832897
ABSLNN50ET,1878785
ABSLNNINAV,2553089
ABSLPSE,6094337
ABSMARINE-SM,6088449
ABSMSCINAV,7834881
ABSPSEINAV,6095617
ACC,5633
ACCELYA,1805569
ACCENTMIC-SM,5244929
ACCORD-SM,5431553
ACCPL-SM,193797377
ACCURACY,375041
ACE,3478273
ACEINTEG,3015425
ACETEC-SM,194844673
ACI,3078145
ACL,3947521
ACMESOLAR,6927617
ACTIVEINFR-SM,7798785
ACUTAAS,1427969
ADANIENSOL,2615553
ADANIENT,6401
ADANIGREEN,912129
ADANIPORTS,3861249
ADANIPOWER,4451329
ADDICTIVE-SM,5751809
ADFFOODS,5058817
ADL,62721
ADOR,8705
ADROITINFO,1267969
ADSL,3792129
ADVAIT,194728193
ADVANCE,194406913
ADVANIHOTR,3774721
ADVENTHTL,194500865
ADVENZYMES,4617985
AEGISLOG,10241
AEGISVOPAK,193878017
AEPL,194900481
AEQUS,194619905
AEROENTER,3075841
AEROFLEX,4676609
AERONEU,3504385
AERON-SM,6416641
AESTHETIK-SM,6356481
AETHER,2511361
AFCONS,6650113
AFFLE,2903809
AFFORDABLE,6618881
AFIL-BE,6184961
AFSL,3401729
AGARIND,867585
AGARWALEYE,7539713
AGARWALFT-SM,3651329
AGARWALTUF-SM,6991105
AGI,361473
AGIIL,6257921
AGNI-SM,2685697
AGRITECH,2834433
AGROPHOS,2315777
AGSTRA-BZ,194355713
AGUL-SM,3877633
AHCL,194295809
AHIMSA-ST,2757121
AHLADA,513025
AHLEAST,4976129
AHLUCONT,4565249
AHLWEST,4957697
AIAENG,3350017
AIIL,6029569
AILIMITED-SM,1184257
AIMTRON-SM,6139905
AIRAN,2533633
AIROLAM,1553409
AISL-SM,123393
AJANTPHARM,2079745
AJAXENGG,7583745
AJMERA,4430593
AJOONI,871169
AKANKSHA-SM,5406977
AKASH,3458561
AKG,557057
AKI,3811841
AKIKO-ST,6222593
AKSHAR,2446849
AKSHARCHEM,5165569
AKSHOPTFBR,2199297
AKUMS,6327041
AKZOINDIA,375553
ALANKIT,2539777
ALBERTDAVD,4417537
ALCODIS-SM,4803073
ALEMBICLTD,20225
ALGOQUANT,194885121
ALICON,3495937
ALIVUS,1347841
ALKALI,4341505
ALKEM,2995969
ALKYLAMINE,1148673
ALLCARGO,3456257
ALLDIGI,3020289
ALLETEC-SM,3379969
ALLTIME,194162689
ALMONDZ,4280065
ALOKINDS,4524801
ALPA,3801089
ALPEXSOLAR-SM,5808129
ALPHA,1897473
ALPHA27-N1,5851137
ALPHAETF,5027841
ALPHAGEO,3736833
ALPHAINAV,5029121
ALPL30IETF,5720065
ALSDG-SF,194967297
ALSDP-SF,194967809
ALSRG-SF,194968321
ALSRP-SF,194968833
ALUWIND-SM,6009345
AMAGI,194749441
AMANTA,194280705
AMBANIORGO-ST,1045505
AMBER,303361
AMBEY-SM,6250241
AMBICAAGAR,2942977
AMBIKCO,3899905
AMBUJACEM,325121
AMCL-SM,194157313
AMDIND,3685889
AMEYA-SM,2789889
AMIABLE-SM,3056385
AMIRCHAND,194987521
AMJLAND,665089
AMNPLST,5085953
AMRUTANJAN,4492033
ANANDRATHI,1829121
ANANTAM-IV,194396929
ANANTRAJ,3486721
ANDHRAPAP,42497
ANDHRSUGAR,34817
ANGELONE,82945
ANIKINDS,4264193
ANKITMETAL-BZ,6624769
ANLON-SM,3496193
ANMOL,954113
ANNAPURNA-SM,2866689
ANONDITA-SM,194237441
ANSALAPI-BZ,5037313
ANTELOPUS,3481089
ANTGRAPHIC,1329665
ANTHEM,194018561
ANUHPHR,7248385
ANUP,2307585
ANURAS,724225
ANURAS-W1,6063873
ANYA-SM,7419649
ANZEN-IV,3057921
AOGOLDINAV,7819009
AONE50INAV,7827713
AONEGOLD,194279425
AONELIINAV,7801857
AONELIQUID,7800833
AONENFINAV,7809537
AONENIFTY,193816577
AONESIINAV,7835137
AONESILVER,194609409
AONETMMQ50,194557953
AONETOINAV,7674369
AONETOTAL,7673601
APARINDS,2941697
APCL,5235969
APCOTEXIND,39425
APEX,5535489
APEXECO-SM,6985729
APLAPOLLO,6599681
APLLTD,6483969
APOLLO,290305
APOLLOHOSP,40193
APOLLOPIPE,3676417
APOLLOTYRE,41729
APOLSINHOT,1613313
APRAMEYA-SM,6307329
APSIFHLSDD-SF,194969857
APSIFHLSDG-SF,194970369
APSIFHLSRD-SF,194970881
APSIFHLSRG-SF,194971393
APSISAERO-SM,194926593
APS-SM,5491457
APTECHT,2753281
APTUS,1391361
AQYLON,5981441
ARABIAN-SM,4928769
ARCHIDPLY,4299521
ARCHIES,1456129
ARCIIL-SM,194219521
ARE&M,25601
ARENTERP,46337
ARFIN,194227201
ARHAM-SM,3351553
ARIES,3892225
ARIHANTACA-SM,3415041
ARIHANTCAP,976129
ARIHANTSUP,5160705
ARIS,193949185
ARISTO-SM,3565057
ARKADE,6501889
ARMANFIN,4419329
ARMOUR-SM,194751745
AROGRANITE,3726593
ARROWGREEN,2370561
ARSHIYA-BZ,7427841
ARSIFHDG-SF,194955265
ARSIFHRG-SF,194954241
ARSIFHRHD-SF,194955777
ARSIFHRMD-SF,194954753
ARSSBL,194548737
ARTEMISMED,4329729
ARTNIRMAN,1575937
ARUNAYA-SM,193765377
ARVEE,720385
ARVIND,49409
ARVINDFASN,2332417
ARVINDPORT-SM,5012225
ARVSMART,2676993
ASAHIINDIA,1376769
ASAHISONG,6422529
ASAL,2722305
ASALCBR,4505089
ASCOM-ST,3847681
ASHALOG-SM,6326017
ASHAPURMIN,51969
ASHIANA,6247169
ASHIMASYN,52737
ASHOKA,5166593
ASHOKAMET,4337409
ASHOKLEY,54273
ASHWINI-SM,194667009
ASIANENE,1799681
ASIANHOTNR,4716033
ASIANPAINT,60417
ASIANTILES,3811585
ASIFDG-SF,194361345
ASIFRD-SF,194361857
ASIFRG-SF,194362369
ASKAUTOLTD,5158913
ASLIND-SM,5248513
ASMS,3600385
ASPINWALL,4421121
ASPIRE-SM,5989377
ASTEC,4538369
ASTERDM,386049
ASTRAL,3691009
ASTRAMICRO,2974209
ASTRAZEN,1436161
ASTRON,223745
ATALREAL,4006145
ATAM,3943425
ATCENERGY-SM,193638913
ATGL,1552897
ATHERENERG,193957121
ATL,4551169
ATLANTAA,3477761
ATLANTAELE,194305793
ATLASCYCLE,1169409
ATLPP-E1,194803969
ATMASTCO-SM,5832961
ATUL,67329
ATULAUTO,7685889
AUBANK,5436929
AURIGROW,411393
AURIONPRO,3077633
AUROIMPEX-SM,4062465
AUROPHARMA,70401
AURUM,2639361
AUSL-SM,6463489
AUSOMENT-BE,2312961
AUTOAXLES,71169
AUTOBEES,2017281
AUTOBEINAV,2598401
AUTOIETF,2008065
AUTOIND,3611137
AVADHSUGAR,5479937
AVALON,3854849
AVANA-SM,194747649
AVANTEL,6300161
AVANTIFEED,2031617
AVG,3990785
AVIANSH-SM,6533121
AVL,6651905
AVONMORE,3470593
AVPINFRA-SM,5928705
AVROIND,2259713
AVSL-ST,4785409
AVTL29-N0,194703617
AVTNPL,3586049
AWFIS,6109185
AWHCL,460033
AWL,2076161
AXISBANK,1510401
AXISBNINAV,2556673
AXISBNKETF,267265
AXISBPINAV,2556417
AXISBPSETF,903681
AXISCADES,2415617
AXISCEINAV,2556929
AXISCETF,1467393
AXISGOINAV,2109185
AXISGOLD,5256193
AXISHCETF,923649
AXISHCINAV,2553345
AXISILINAV,2868737
AXISILINAV-RL,2868993
AXISILVER,2865409
AXISNIFTY,5440513
AXISNIINAV,2557185
AXISTECETF,770561
AXISTEINAV,2558977
AXISVAINAV,7720449
AXISVALUE,7719681
AXITA,2534913
AXSENSEX,3773953
AXSNSXINAV,3774977
AYE,194811137
AYMSYNTEX,2632961
AZAD,5351681
BABAFP-SM,5156097
BAFNAPH,4541953
BAGDIGITAL-SM,194411521
BAGFILMS,2873857
BAHETI-SM,3325185
BAIDFIN,3531265
BAJAJ-AUTO,4267265
BAJAJCON,4999937
BAJAJELEC,3848705
BAJAJFINSV,4268801
BAJAJHCARE,1756929
BAJAJHFL,6469121
BAJAJHIND,78849
BAJAJHLDNG,78081
BAJAJINDEF,7597569
BAJEL,5255937
BAJFINANCE,81153
BALAJEE,6451969
BALAJIPHOS-SM,7687681
BALAJITELE,2344449
BALAMINES,3712257
BALAXI,2895105
BALCO-SM,6369025
BALKRISHNA,2606337
BALKRISIND,85761
BALMLAWRIE,86529
BALPHARMA,3440897
BALRAMCHIN,87297
BALUFORGE,6043393
BANARBEADS,88833
BANARISUG,89601
BANCOINDIA,3553281
BANDHANBNK,579329
BANG,3917569
BANK10ADD,194909185
BANKA,210433
BANKADD,3492865
BANKBARODA,1195009
BANKBEES,2928385
BANKBETA,5744641
BANKBETF,5628417
BANKBINAV,5629185
BANKETF,4459265
BANKIETF,2825473
BANKINDIA,1214721
BANKNIFTY1,1497857
BANKPSU,6585601
BANSALWIRE,6242817
BANSWRAS,3714817
BARFLEX-SM,7469057
BASF,94209
BASILIC-SM,4721153
BASML,3080705
BATAINDIA,94977
BAWEJA-SM,5778177
BAYERCROP,4589313
BBETF0432,1842177
BBETF0INAV,2565377
BBL,3522817
BBNPNBETF,6173953
BBNPNBINAV,6175233
BBNPPGOLD,5260033
BBOX,879361
BBTC,97281
BBTCL,3111169
BCG-BE,2263297
BCLIND,643329
BCONCEPTS,1991681
BCPL,194942465
BDL,548865
BDR-IT,1099265
BEACON-SM,6124033
BEARDSELL,4590849
BECTORFOOD,416769
BEDMUTHA-BE,5171201
BEL,98049
BELLACASA,194032129
BELRISE,193818113
BEML,101121
BEPL,107265
BERGEPAINT,103425
BESTAGRO-BE,591617
BETA,194519553
BEWLTD-SM,1449473
BFINVEST,5404929
BFSI,1336321
BFUTILITIE-BZ,6625025
BGLOBAL-BZ,2910977
BGRENERGY-BE,3889409
BHADORA-SM,194105601
BHAGCHEM,1577985
BHAGERIA,3430401
BHAGYANGR,5318657
BHANDARI,5006337
BHARATCOAL,194745857
BHARATFORG,108033
BHARATGEAR,109057
BHARATRAS,981505
BHARATSE,7742465
BHARATWIRE,4127489
BHARTIARTL,2714625
BHARTIHEXA,6013185
BHEL,112129
BIGBLOC,4718337
BIKAJI,3063297
BIKEWO-SM,6534145
BIL,2009089
BILVYAPAR-BE,3487233
BIOCON,2911489
BIOFILCHEM,1058817
BIOPOL-SM,194801153
BIRDYS-SM,6031105
BIRET-RR,563969
BIRLACABLE,122113
BIRLACORPN,122881
BIRLAMONEY,3901185
BIRLANU,372481
BLACKBUCK,6948865
BLAL,3857153
BLBLIMITED-BE,2083585
BLISSGVS,4931841
BLKASHYAP,3402241
BLS,4423425
BLSE,5776897
BLUECHIP-BE,2214401
BLUECOAST,1914881
BLUEDART,126721
BLUEJET,5039617
BLUEPEBBLE-ST,5993729
BLUESTARCO,2127617
BLUESTONE,194378497
BLUEWATER-SM,194094593
BLUSPRING,193925121
BMETRICS-SM,1549313
BMWVENTLTD,194369537
BNGOLDINAV,5260801
BNK10DINAV,7836161
BNKETFINAV,4461057
BNKPSUINAV,6587393
BODALCHEM,6404353
BOHRAIND-BE,2980097
BOMDYEING,131329
BONLON,194830337
BORANA-BE,194027521
BOROLTD,4966657
BORORENEW,806145
BOROSCI,6147585
BOSCH-HCIL,1149697
BOSCHLTD,558337
BOSS-SM,6430465
BPCL,134657
BPL,135681
BRACEPORT-SM,6375681
BRANDMAN-SM,194808833
BRIGADE,3887105
BRIGHOTEL,193995265
BRITANNIA,140033
BRNL,5550849
BROOKS,6434817
BSE,5013761
BSE500IETF,768257
BSHSL,207105
BSL,143105
BSLGOLDETF,6093825
BSLGOLINAV,2109441
BSLNIFINAV,2552833
BSLNIFTY,6343937
BSLSENETFG,1524993
BSLSENINAV,2552577
BSOFT,1790465
BTML,3622401
BUILDPRO,194712065
BULKCORP-SM,6323457
BUTTERFLY,695297
BVCL,3858689
BYKE,2027265
C2C-SM,6982145
CADSYS-SM,5586689
CAGL26-NA,4729089
CAGL27A-N6,3192577
CAGL27-NC,4732161
CAGL28-NE,4735489
CALSOFT,2135297
CAMLINFINE,1591297
CAMPUS,2396673
CAMS,87553
CANARYS-SM,4958209
CANBK,2763265
CANFINHOME,149249
CANHLIFE,194426113
CANTABIL,5160961
CAPACITE,5567745
CAPILLARY,194525953
CAPINVIT-IV,7464193
CAPITALSFB,5804801
CAPLIPOINT,999937
CAPTRUST-BE,4979457
CARBORUNIV,152321
CARERATING,7452929
CARRARO,7393025
CARTRADE,1384193
CARYSIL,481025
CASHIEINAV,7717377
CASHIETF,7715585
CASTROLIND,320001
CBAZAAR-SM,5223937
CCAVENUE,4159745
CCCL,3837953
CCHHL,1634561
CCL,2931713
CDSL,5420545
CEATLTD,3905025
CEDAAR-SM,193967873
CEIGALL,6333953
CEINSYS,194825473
CELEBRITY,3369473
CELLECOR-SM,4814337
CELLO,5067521
CELLPOINT-SM,4339201
CEMPRO,1439233
CENTENKA,158465
CENTEXT,2946817
CENTRALBK,3812865
CENTRUM,628225
CENTUM,3835393
CENTURYPLY,3406081
CERA,3849985
CEREBRAINT-BZ,7428097
CESC,160769
CEWATER,7363585
CGCL,5204225
CGPOWER,194561
CGRAPHICS-SM,6007809
CHALET,2187777
CHAMBLFERT,163073
CHAMUNDA-SM,7562497
CHANDAN-SM,7586049
CHAVDA-SM,4775425
CHEMBOND,3742209
CHEMBONDCH,194045185
CHEMCON,69121
CHEMFAB,716545
CHEMICAL,194530561
CHEMINAV,7827201
CHEMPLASTS,1394945
CHENNPETRO,524545
CHETANA-SM,6304001
CHEVIOT,2529025
CHGOLDINAV,7826177
CHOICEGOLD,194460161
CHOICEIN,2269697
CHOLAFIN,175361
CHOLAFIN-D1,4929793
CHOLAHLDNG,5565441
CIEINDIA,3823873
CIF27-NM,5773569
CIF29-NO,5774849
CIFC26A-N9,4595713
CIFC28-NB,4598785
CIFCZC26A-N3,3935233
CIFCZC26-NF,5231873
CIFCZC28A-N5,3936257
CIFCZC28-NH,5233921
CIFL,193539841
CIGNITITEC,1316353
CINELINE,6953217
CINEVISTA,2054145
CIPLA,177665
CITI2626-N0,6206977
CITI28-N0,194893569
CKKRETAIL-ST,194779393
CLASSICEIL-SM,194236417
CLCIND-BE,3544577
CLEAN,1292545
CLEANMAX,194606849
CLEDUCATE-BE,5179649
CLSEL,891393
CLSL-SM,4674561
CMICABLES-BZ,5037057
CMNL-SM,3515137
CMPDI,194964737
CMRSL-SM,2930433
CMSINFO,1946369
CNL,2855681
COALINDIA,5215745
COASTCORP,1537537
COCHINSHIP,5506049
COFFEEDAY,2858241
COFORGE,2955009
COHANCE,4593921
COLPAL,3876097
COMMITTED-SM,4995329
COMMOIETF,3378689
COMPINFO-BZ,5035521
COMPUSOFT,7971329
COMSYN,5523969
CONCOR,1215745
CONCORDBIO,4623361
CONFIPET,2620929
CONNPLEX-SM,194163969
CONS,2691073
CONSOFINVT-BE,3003393
CONSUMBEES,623361
CONSUMER,7416065
CONSUMIETF,1650177
CONSUMINAV,7416833
CONTI-SM,647937
CONTROLPR,4474113
COOLCAPS-SM,2191361
CORALFINAC,1025793
CORDSCABLE,3909377
COROMANDEL,189185
CORONA,194625025
COSMOFIRST,189953
COUNCODOS,4348417
CPCAP,5142017
CPEDU,194288897
CPPLUS,194267649
CPSEETF,595969
CPS-SM,4703233
CRAFTSMAN,730625
CRAMC,194383617
CRAYONS-SM,4203265
CREATIVEYE,2402305
CREDITACC,1131777
CREST,3558401
CRISIL,193793
CRIZAC,194009601
CROMPTON,4376065
CROWN,2069249
CSBBANK,3831297
CSLFINANCE,2649601
CSSL-SM,194596609
CTE,3639809
CUB,1459457
CUBEINVIT-IV,3859969
CUBEXTUB,1040385
CUDML-SM,194081025
CUMMINSIND,486657
CUPID,4741121
CURAA-BE,7728897
CURIS-SM,194515201
CURRENT-SM,194294785
CYBERMEDIA,3031553
CYBERTECH,1549057
CYIENT,1471489
CYIENTDLM,4399873
DABUR,197633
DALBHARAT,2067201
DALMIASUG,199937
DAMCAPITAL,7337473
DAMODARIND,4490497
DANGEE,284161
DANISH-SM,6637313
DATAMATICS,2924289
DATAPATTNS,1883649
DAVANGERE,5579265
DBCORP,4577537
DBEIL,6628353
DBL,4630017
DBOL,2788609
DBREALTY,4639745
DBSTOCKBRO,7963393
DCAL,5556225
DCBBANK,3513601
DCCL-SM,193819393
DCG-SM,6021121
DCI-BE,2961409
DCM,206081
DCMFINSERV-BE,2228225
DCMNVL,2825985
DCMSHRIRAM,207617
DCMSIL-BE,194789889
DCMSRIND,1875201
DCW,209153
DCXINDIA,3045121
DDEVPLSTIK,7449089
DECCANCE,3798529
DECCANTRAN-SM,6507777
DEEDEV,6183425
DEEM-SM,5836545
DEEPAKFERT,211713
DEEPAKNTR,5105409
DEEPINDS,842753
DEFENCE,194827777
DEFENCINAV,7834625
DELAPLEX-SM,5766913
DELHIVERY,2457345
DELPHIFX,6244097
DELTACORP,3851265
DELTAMAGNT,310785
DELTIC-SM,7447553
DEN,4536833
DENEERS-ST,3959041
DENORA,1095425
DENTA,7489537
DENTALKART-SM,4212225
DESTINY-SM,1558273
DEVIT,2085377
DEVX,194324225
DEVYANI,1375489
DGCONTENT,2648577
DHAMPURSUG,219393
DHANBANK,2907905
DHANLAXMI-SM,7097089
DHANUKA,6248705
DHARAN-BZ,194355969
DHARARAIL-SM,194685185
DHARIWAL-ST,6336001
DHARMAJ,3328257
DHRUV,1755649
DHTL-SM,5768449
DHUNINV,5691649
DIACABS,4747009
DIAMINESQ,4772865
DIAMONDYD,5591041
DICIND,179969
DIFFNKG,6572033
DIGIDRIVE,5439233
DIGIKORE-SM,4899329
DIGISPICE,4270849
DIGITIDE,193923841
DIGJAMLMTD,1568513
DIL-BZ,194678273
DIRL-SM,4804865
DISHTV,3721473
DIVGIITTS,3706625
DIVIDEINAV,7830785
DIVIDEND,194665473
DIVINEHIRA-ST,7747073
DIVISLAB,2800641
DIVOPPBEES,674817
DIVYADHAN-SM,6573313
DIXON,5552641
DJML-BE,3264769
DKEGL-SM,1599745
DLF,3771393
DLINKINDIA,4569857
DMART,5097729
DMCC,1785089
DNAMEDIA,164097
DODLA,1234433
DOLATALGO,3103745
DOLLAR,5263361
DOLLEX-SM,3410689
DOLPHIN,4643585
DOMS,5261057
DONEAR,3542785
DPABHUSHAN,239617
DPEL-SM,6217217
DPSCLTD,3947265
DPWIRES,4326401
DRCSYSTEMS,677121
DREAMFOLKS,2779905
DREDGECORP,2885377
DRONE-SM,4447233
DRREDDY,225537
DRSCARGO-SM,6012161
DRSDILIP-ST,1718273
DSFCL,194788097
DSPBNKINAV,3495681
DSPGOINAV,3932929
DSPN50INAV,2561025
DSPNEWINAV,2559233
DSPNITINAV,4407553
DSPPSBINAV,4510721
DSPPVBINAV,4510465
DSPQ50INAV,2561281
DSPSENINAV,4510977
DSPSILINAV,2755585
DSSL,6576641
DTIL,1594113
DTL-SM,6224129
DUCOL-SM,3524097
DUCON-BE,7412737
DUGLOBAL-SM,1396993
DURLAX-SM,6185985
DVL,3894785
DWARKESH,2986753
DYCL,2666753
DYNAMATECH,1158401
DYNAMIC-SM,1556225
DYNPRO,5456385
E2E-BE,2288641
E2ERAIL-SM,194695937
EASEMYTRIP,714753
EASTSILK-BE,2500865
EBANKINAV,2562049
EBANKNIFTY,6466049
EBB433INAV,3371009
EBBE23INAV,2563073
EBBE30INAV,2564097
EBBE31INAV,2564353
EBBE32INAV,2564865
EBBETF0430,4160769
EBBETF0431,5693185
EBBETF0433,3363585
EBGNG,194012673
EBNKNFINAV,6477057
ECAPININAV,7430145
ECAPINSURE,7428865
ECLERX,3885825
ECOLINE-SM,194550017
ECOSMOBLTY,6415361
EDELWEISS,3870465
EDUCOMP-BZ,5567233
EEPL-SM,194136577
EFACTOR-SM,4932353
EFCIL,194220801
EFFWA-SM,6255361
EFORCE-SM,5350145
EGOLD,5102849
EGOLDINAV,5105665
EICHERMOT,232961
EIDPARRY,234497
EIEL,6966529
EIFFL,1546241
EIHAHOTELS,3942145
EIHOTEL,235265
EIMCOELECO,1034241
EKC,3351297
ELDEHSG,2291969
ELECON,3492609
ELECTCAST,237569
ELECTCAST-W1,4637697
ELECTHERM,1144065
ELGIEQUIP,239873
ELGIRUBCO,6380545
ELGNZ-SM,7576321
ELIN,3436289
ELIQUID,194423297
ELIQUIINAV,7820033
ELLEN,194192129
ELM250,194291713
ELM250INAV,7818753
EMAMILTD,3460353
EMAMIPAP,2578945
EMAMIREAL,4934913
EMAPARTNER-SM,7482625
EMBASSY-RR,2402049
EMBDL-BE,3699969
EMCURE,6245889
EMIL,2951681
EMKAY,3435777
EMKAYTOOLS-SM,2624769
EMLTMQINAV,6655745
EMMBI,4644353
EMMIL-SM,6078721
EMMVEE,194490369
EMSLIMITED,4759809
EMUDHRA,2497537
EMULTIMQ,6654977
ENCOMPAS-SM,194642177
ENDURANCE,4818433
ENERGY,194503681
ENERGYDEV,3852545
ENERGYINAV,7826433
ENFUSE-SM,5945345
ENGINERSIN,1256193
ENIFTY,194559489
ENIFTYINAV,7828225
ENIL,3377153
ENRIN,193758977
ENSER-SM,5946881
ENTERO,5815553
ENVIRO-SM,6505473
EPACK,5750529
EPACKPEB,194368257
EPIGRAL,1377793
EPL,251137
EPWINDIA-SM,194870785
EQU200INAV,7711745
EQUA50INAV,7808769
EQUAL200,7710977
EQUAL50,193828353
EQUAL50ADD,1691137
EQUIPPP-BE,909569
EQUITASBNK,233729
ERIS,5415425
ESABINDIA,244481
ESAFSFB,5088769
ESCONET-SM,5827585
ESCORTS,245249
ESENSEINAV,7827969
ESENSEX,194558721
ESFL-SM,4373505
ESG,307201
ESILINAV,5186561
ESILVER,5185793
ESPRIT-SM,6317569
ESSARSHPNG,6562305
ESSENTIA,7762689
ESTER,6211841
ETERNAL,1304833
ETHOSLTD,2496001
ETL-SM,194199297
ETML-SM,7073025
EUREKAFORB,6441473
EUROBOND,194035969
EUROPRATIK,194508033
EUROTEXIND,255745
EVEREADY,3016193
EVERESTIND,254209
EVIETF,193505537
EVIETFINAV,7807745
EVINDIA,6262017
EVINDINAV,6263809
EXCELINDUS,2936577
EXCELLENT-ST,6483713
EXCELSOFT,194561793
EXICOM,5874433
EXIDEIND,173057
EXIMROUTES-SM,194668033
EXPLEOSOL,4476417
EXXARO,1370113
FABTECH,194592001
FACT,258049
FAIRCHEMOR,413185
FALCONTECH-SM,6182401
FAZE3Q-BE,3073537
FCL,1586689
FCONSUMER-BZ,194688001
FCSSOFT,3071745
FDC,1253889
FEDERALBNK,261889
FEDFINA,5202433
FEL-BZ,3535873
FELDVR-BZ,7805697
FELIX-SM,146689
FIBERWEB-BE,2089473
FIDEL-SM,2523649
FIEMIND,3509761
FILATEX,6280193
FILATFASH,6053633
FINBUD-SM,194502657
FINCABLES,265729
FINEORG,958465
FINIETF,3219969
FINKURVE,194365185
FINOPB,1684225
FINPIPE,266497
FIRSTCRY,6352385
FISCHER,193960449
FIVESTAR,3080193
FLAIR,5215233
FLEXIADD,194398209
FLEXIAINAV,7820289
FLEXITUFF,6531073
FLFL-BZ,3806209
FLUOROCHEM,3520001
FLYSBS-SM,194101249
FMCGIETF,1358337
FMGOETZE,304641
FMNL,5380353
FOCE-SM,1890561
FOCUS,1750017
FONEBOX-SM,5764353
FOODSIN,1708289
FORCAS-SM,6377985
FORCEMOT,2962689
FORGEAUTO-SM,6569985
FORTIS,3735553
FOSECOIND,274689
FRACTAL,194806017
FRESHARA-ST,6622977
FROG-SM,2944257
FSL,3661825
FUSION,3054593
FWSTC-SM,194644737
GABRIEL,277761
GAEL,2259969
GAIL,1207553
GAJANAND-SM,6462465
GALAPREC,6434305
GALAXYSURF,336641
GALLANTT,3414273
GANDHAR,5197569
GANDHITUBE,3613697
GANECOS,1777665
GANESHBE,1437185
GANESHCP,194307073
GANESHHOU,3670785
GANESHIN-SM,6998785
GANGABATH-SM,193926401
GANGAFORGE,1268993
GANGESSECU,5478145
GARFIBRES,281601
GARUDA,6604801
GATECH,4579329
GATECHDVR,4353
GATEWAY,2178561
GAUDIUMIVF,194605569
GAYAHWS,945409
GAYAPROJ-BE,6406913
GCHOTELS-SM,7753217
GCSL,194300417
GEECEE,3496449
GEEKAYWIRE,4588033
GEMAROMA-BE,194422529
GENCON,560129
GENESYS,2791681
GENSOL-BZ,194263553
GENUSPAPER,1689601
GENUSPOWER,3047681
GEOJITFSL,3045377
GESHIP,3526657
GFL26-N0,6559745
GFL27-N1,5926657
GFLLIMITED,329985
GFSTEELS-BE,2836225
GGBL-SM,6256385
GHCL,288513
GHCLTEXTIL,4274177
GHOSPIINAV,7835649
GICHSGFIN,291585
GICL,194822401
GICRE,70913
GILLANDERS,4566785
GILLETTE,403457
GILT10BETA,5766145
GILT5BETA,5765377
GILT5YBEES,812033
GILT5YINAV,2597889
GINNIFILA,292353
GIPCL,293121
GIRIRAJ-ST,605697
GJL-ST,194808577
GKENERGY,194316289
GKSL,194866433
GKWLIMITED,4443393
GLAND,303617
GLAXO,295169
GLD360INAV,7712257
GLDCASINAV,5863425
GLENMARK,1895937
GLFL,295937
GLOBAL,362241
GLOBALE,6382593
GLOBALPET-SM,4394753
GLOBALVECT,3516161
GLOBE,100609
GLOBECIVIL,194194433
GLOBUSSPR,4460545
GLOSTERLTD,6039041
GLOTTIS,194589697
GMBREW,299009
GMDCLTD,1332225
GML-ST,194327553
GMMPFAUDLR,401921
GMRAIRPORT,3463169
GMRP&UI,2183425
GNA,4754177
GNFC,300545
GOACARBON,3759873
GOCLCORP,1014529
GOCOLORS,1782785
GODAVARIB,6640897
GODFRYPHLP,302337
GODIGIT,6092545
GODREJAGRO,36865
GODREJCP,2585345
GODREJIND,2796801
GODREJPROP,4576001
GOKEX,3015169
GOKUL,4276481
GOKULAGRO,3706881
GOLD1,3803649
GOLD360,7706881
GOLDADD,3931137
GOLDBDINAV,7829761
GOLDBEES,3693569
GOLDBEINAV,2106113
GOLDBETA,3720961
GOLDBND,194643201
GOLDCASE,5862657
GOLDENTOBC-BZ,2974465
GOLDETF,3657217
GOLDIAM,3064577
GOLDIETF,5037825
GOLDKART-SM,3485697
GOLDSHINAV,2106881
GOLDSTAR-ST,769
GOLDTECH,2527745
GOODLUCK,1568001
GOPAL,5904897
GOYALALUM,3017473
GOYALSALT-SM,4955137
GPECO-SM,6171649
GPIL,3432705
GPPL,5051137
GPTHEALTH,5848577
GPTINFRA,4527361
GRANULES,3039233
GRAPHISAD-ST,5238785
GRAPHITE,151553
GRASIM,315393
GRAVITA,5256705
GRCAPMINAV,7829249
GRCL-SM,3597313
GREAVESCOT,316161
GREENCHEF-SM,4375553
GREENLAM,1753089
GREENLEAF-SM,194412545
GREENPANEL,3535361
GREENPLY,1020673
GREENPOWER,5148161
GRETEX-ST,4797953
GRINDWELL,3471361
GRINFRA,1293825
GRMOVER,2782977
GRN200INAV,7656193
GRO250INAV,7825921
GROBTEA,4549121
GROLIQINAV,6520065
GRONIFINAV,7815937
GROWEVINAV,6349057
GROWLOINAV,7813121
GROWMOINAV,7808001
GROWSLINAV,7809281
GROWW,194510337
GROWWCAPM,194573057
GROWWCHEM,194732289
GROWWDEFNC,6594049
GROWWEINAV,7833857
GROWWEV,6348289
GROWWGINAV,6624001
GROWWGOLD,6623233
GROWWHOSPI,194783745
GROWWLIQID,6514433
GROWWLOVOL,194124801
GROWWMC150,194488065
GROWWMETAL,194672129
GROWWMOM50,193558017
GROWWN200,7647233
GROWWNET,194000385
GROWWNIFTY,194226433
GROWWNINAV,7814913
GROWWNXT50,194421249
GROWWPINAV,7816961
GROWWPOWER,194090241
GROWWPSE,194809857
GROWWPSUBK,194947585
GROWWRAIL,7558913
GROWWRINAV,7819777
GROWWRLTY,194413569
GROWWSC250,194437633
GROWWSLVR,193747713
GRPLTD,1675009
GRRAILINAV,7559681
GRSE,1401601
GRW150INAV,7826945
GRWCHEINAV,7833345
GRWMTLINAV,7831297
GRWN50INAV,7818241
GRWPSUINAV,7836673
GRWRHITECH,2043393
GRWWDFINAV,6599937
GS070626C-GS,1123073
GS100526C-GS,1122305
GS120626C-GS,1123585
GS150626C-GS,1124609
GS151226C-GS,1128705
GS220230C-GS,1132289
GS220231C-GS,1133825
GS220236C-GS,1134593
GS220240C-GS,1157121
GS220250C-GS,1165313
GS220261C-GS,1166081
GS220261P-GS,1125121
GS220830C-GS,1133313
GS220831C-GS,1134337
GS220836C-GS,1150465
GS220840C-GS,1163777
GS220850C-GS,1165569
GS260426C-GS,1121793
GSEC10ABSL,6360833
GSEC10IETF,3364609
GSEC10INAV,6361601
GSEC10YEAR,3824129
GSEC5IETF,2135553
GSFC,319233
GSLSU,3737345
GSMFOILS-SM,6115329
GSPCROP,195133185
GSPL,3378433
GSS,3928833
GSTL-ST,2500609
GTECJAINX,289025
GTL,297473
GTLINFRA,3518721
GTPL,5425921
GUFICBIO,2971137
GUJALKALI,324353
GUJAPOLLO,3757313
GUJGASLTD,2713345
GUJRAFFIA,1164289
GUJTHEM,7611137
GULFOILLUB,1124097
GULFPETRO,2964737
GULPOLY,1609217
GURUNANAK-SM,194370817
GVKPIL-BE,3386625
GVPIL-BE,2013697
GVPTECH,2781441
GVPTECHPP-E1,194082817
GVT&D,4296449
HAL,589569
HALDER,194743041
HALEOSLABS,5517057
HAPPSTMNDS,12289
HAPPYFORGE,5338625
HARDWYN,2294273
HARIOMPIPE,2295809
HARRMALAYA,336129
HARSHA,2857473
HATHWAY,4647425
HATSUN,996353
HAVELLS,2513665
HAVISHA,1908993
HBANKEINAV,2565633
HBLENGINE,3575297
HBS500INAV,3645185
HBS500INAV-RL,3645441
HBSL,1053697
HCC,352001
HCG,3982081
HCL-INSYS,339713
HCLTECH,1850625
HDBFS,193989633
HDF100INAV,2709249
HDFC50INAV,2709505
HDFCAMC,1086465
HDFCBANK,341249
HDFCBSE500,3642881
HDFCGOLD,5003009
HDFCGRINAV,2884097
HDFCGROWTH,2877697
HDFCLIFE,119553
HDFCLIQUID,4679425
HDFCLOWVOL,2956033
HDFCLVINAV,2957569
HDFCMFINAV,2109697
HDFCMID150,3644417
HDFCMOINAV,2957057
HDFCMOMENT,2953729
HDFCNEXT50,2718465
HDFCNFINAV,2565889
HDFCNIF100,2722049
HDFCNIFBAN,5742849
HDFCNIFIT,3097857
HDFCNIFTY,2967297
HDFCNIINAV,4332033
HDFCPBINAV,3102465
HDFCPSUBK,5784321
HDFCPVTBAN,3099649
HDFCQUAL,2881281
HDFCQUINAV,2884353
HDFCSEINAV,2566145
HDFCSENSEX,2967809
HDFCSIINAV,2786049
HDFCSIINAV-RL,2786305
HDFCSILVER,2784257
HDFCSML250,3643649
HDFCVALUE,2882561
HDFCVLINAV,2885633
HDFLIQINAV,4680193
HDFPBKINAV,5785345
HDIL-BZ,4587521
HEADSUP,4916481
HEALADINAV,5785089
HEALTHADD,5783553
HEALTHCARE,194812417
HEALTHIETF,928257
HEALTHINAV,2550529
HEALTHY,1612033
HECPROJECT,1900801
HEG,342017
HEIDELBERG,592897
HEMIPROP,179457
HERANBA,669185
HERITGFOOD,1177089
HEROMOTOCO,345089
HESTERBIO,1804289
HEXATRADEX,6914049
HEXT,7594497
HFCL,5619457
HGINFRA,428033
HGM,3479553
HGS,3766273
HIGREEN-SM,4811265
HIKAL,2475009
HILINFRA,194330369
HILTON,3744513
HIMATSEIDE,348161
HINDALCO,348929
HINDCOMPOS,351233
HINDCON,1259521
HINDCOPPER,4592385
HINDOILEXP,359169
HINDPETRO,359937
HINDUNILVR,356865
HINDWAREAP,4066049
HINDZINC,364545
HIRECT,3555841
HISARMETAL,4946433
HITECH,734209
HITECHCORP,3881217
HITECHGEAR-BE,2193409
HLEGLAS,585985
HLTCREINAV,7834113
HLVLTD,370689
HMAAGRO,4365569
HMI150INAV,3645697
HMI150INAV-RL,3645953
HMT-BZ,5042689
HMVL,4918017
HNDFDS,3116289
HNGSNGBEES,4680705
HOACFOODS-SM,6098433
HOLMARC-SM,4774145
HOMEFIRST,526337
HOMESFY-SM,3462657
HONASA,5072129
HONAUT,874753
HONDAPOWER,803329
HPAL,1888257
HPIL,3019777
HPL,4781825
HPTL-SM,7648001
HRHNEXT-SM,5403393
HSBCGDINAV,7836417
HSBCGOLD,194945537
HSCL,3669505
HSM250INAV,3646209
HSM250INAV-RL,3646465
HTMEDIA,3066625
HUBTOWN,3635969
HUDCO,5331201
HUHTAMAKI,655873
HVAX-SM,6581249
HYBRIDFIN,3279105
HYUNDAI,6616065
IBLFL-SM,5465089
IBMFNIINAV,2576897
IBULLSLTD,6399745
IC10GSINAV,3371265
ICDSLTD-BE,2460161
ICEMAKE,125185
ICICI1INAV,2572801
ICICI2INAV,2567169
ICICI5INAV,2572289
ICICIAINAV,2572545
ICICIAMC,194664193
ICICIB22,133633
ICICIBANK,1270529
ICICIBINAV,2575105
ICICICINAV,2567937
ICICIFINAV,2568449
ICICIGI,5573121
ICICIGINAV,2110721
ICICIKINAV,2566401
ICICILINAV,2574593
ICICIMINAV,2571521
ICICININAV,2574849
ICICIOINAV,2567681
ICICIPINAV,2566657
ICICIPRULI,4774913
ICICIQINAV,2571265
ICICIRINAV,2570753
ICICISINAV,2107649
ICICITINAV,2571009
ICICIXINAV,2572033
ICICIYINAV,2573825
ICICM58-Y1,1364737
ICICMOINAV,2710785
ICICOMINAV,3382785
ICIFININAV,3223809
ICIL,3068673
ICINFRINAV,2753537
ICIQ30INAV,4562433
ICISECINAV,2606849
ICISENINAV,2608385
ICRA,3717889
IDBI,377857
IDBIGOINAV,2108161
IDEA,3677697
IDEAFORGE,4387841
IDEALTECHO-SM,6387201
IDENTICAL-ST,7319041
IDFCFIRSTB,2863105
IDFNIFINAV,2575873
IDFNIFTYET,4808449
IEML-SM,6089985
IEX,56321
IFBAGRO,379393
IFBIND,380161
IFCI,381697
IFGLEXPOR,111617
IGARASHI,162305
IGCL,193997057
IGIL,7264769
IGL,2883073
IGPL,3606017
IHF261224A-N1,7391745
IHF261224-N1,7388417
IHFL261224-N1,7386625
IIFL,3023105
IIFL060326-YA,194847233
IIFL06326-YC,194847745
IIFL210425-NW,193571841
IIFL21425A-Y1,193573121
IIFL21425-NY,193572353
IIFL60326-YB,194847489
IIFLCAPS,3346433
IIFLHF29-NE,1964545
IIFLHFZC27-NB,1962497
IIFLZC26B-NY,4360705
IIFLZC26-NN,1588993
IIFLZC28A-NU,3547649
IIFLZC28B-Y1,4363009
IIFLZC28C-N6,1335553
IIFLZC28-NG,738049
IITL,4998401
IKIO,4306433
IKS,7200001
IL&FSENGG-BZ,2401281
IL&FSTRANS-BZ,2401537
IMAGICAA,1964033
IMC1-N1,3640065
IMC1-N2,3641345
IMC1-N3,3642369
IMFA,4924161
IMPAL,3074305
IMPEXFERRO-BZ,6625537
INA,194841345
INCREDIBLE,4481793
INDBANK,4334849
INDGN,6065409
INDHOTEL,387073
INDIACEM,387841
INDIAGLYCO,389377
INDIAMART,2745857
INDIANB,3663105
INDIANCARD,1132033
INDIANHUME,391681
INDIASHLTR,5262337
INDIFRA-SM,5390849
INDIGO,2865921
INDIGOPNTS,524289
INDIGRID-IV,5372929
INDIQUBE,194008321
INDNIPPON,1215233
INDOAMIN,2333697
INDOBORAX,2205185
INDOCO,2989313
INDOFARM,7430401
INDORAMA,2814209
INDOSTAR,790529
INDOTECH,3398401
INDOTHAI,6555649
INDOUS,6528769
INDOWIND,3827713
INDRAMEDCO,1216257
INDSWFTLAB,1246721
INDTERRAIN,5620993
INDUSINDBK,1346049
INDUSINVIT-IV,5897217
INDUSTOWER,7458561
INFINIUM-SM,3849217
INFLUX-SM,193946113
INFOBEAN,2822913
INFOLLION-SM,4246529
INFOMEDIA,3505409
INFRA,194823681
INFRABEES,5138433
INFRAIETF,2745089
INFRAINAV,7834369
INFY,408065
INGERRAND,408833
INM-SM,5829121
INNOMET-SM,6481921
INNOVACAP,5391873
INNOVANA,7105025
INNOVISION,194951169
INOXGREEN,3120129
INOXINDIA,5275393
INOXWIND,2010113
INSECTICID,3752193
INSPIRE-SM,4903425
INSPIRISYS-BE,3515905
INTEGRITY-SM,194022913
INTELLECT,1517057
INTENTECH,5138177
INTERARCH,6376705
INTERISE-IV,740353
INTERNET,194200321
INTERNINAV,7815169
INTLCONV,1435137
INVENTURE,6366721
INVICTA-SM,194595585
IOB,2393089
IOC,415745
IOLCP,5225729
IONEXCHANG,417281
IPCALAB,418049
IPHL-SM,6408449
IPL,1263105
IPSL-SM,3047169
IRB,3920129
IRBINVIT-IV,5329153
IRBIT-IV,3790337
IRCON,1276417
IRCTC,3484417
IREDA,5186817
IRFC,519425
IRIS,1661185
IRISDOREME,582401
IRMENERGY,5016833
ISFT,4730625
ISGEC,852225
ISHANCH,7743745
ISHAN-SM,2814721
ISIFHLSDG-SF,194983169
ISIFHLSG-SF,194983681
IT,672513
ITADD,4404993
ITALIANE-ST,5797889
ITBEES,4885505
ITBEESINAV,2596097
ITBETA,5756929
ITC,424961
ITCHOTELS,7488257
ITDC,4940545
ITETF,5026049
ITETFINAV,5028865
ITI,428801
ITIETF,5725441
ITTL-ST,6980097
IVALUE,194314497
IVC,1718017
IVP,430337
IVZINGINAV,2108417
IVZINGOLD,4682753
IVZINNIFTY,6199553
IVZINNINAV,2578177
IWARE-ST,193956865
IXIGO,6161153
IZMO-BE,3629569
J&KBANK,1442049
JAGRAN,3382017
JAGSNPHARM,1128961
JAIBALAJI,2881537
JAICORPLTD,1316609
JAINAM-SM,1539073
JAINIK-SM,194125569
JAINREC,194366465
JAIPURKURT,1412097
JAKHARIA-ST,1011201
JALAN-SM,5357825
JAMNAAUTO,5319169
JARO,194547457
JASH,3579393
JAYAGROGN,1034497
JAYBARMARU,437249
JAYBEE-ST,6410241
JAYESH-SM,194344705
JAYKAY,194578689
JAYNECOIND,596737
JAYSREETEA,440321
JBCHEPHARM,441857
JBMA,2983681
JETFREIGHT,1846017
JETKNIT-ST,4787201
JEYYAM-SM,6437633
JFLLIFE-SM,2786561
JGCHEM,5902337
JHS,3512321
JINDALPHOT,3006209
JINDALPOLY,449537
JINDALSAW,774145
JINDALSTEL,1723649
JINDRILL,3552001
JINDWORLD,5284353
JIOFIN,4644609
JISLDVREQS,6575105
JISLJALEQS,2661633
JITFINFRA-BE,5041921
JIWANRAM-SM,4750849
JKCEMENT,3397121
JKIL,3908097
JKIPL,194356481
JKLAKSHMI,3453697
JKPAPER,3036161
JKTYRE,3695361
JLHL,4749569
JMA,1819905
JMFINANCIL,3491073
JNKINDIA,6046977
JOCIL,4333313
JPOLYINVST,8065793
JPPOWER,3011329
JSFB,5801729
JSL,2876417
JSLL,194077441
JSWCEMENT,194165761
JSWENERGY,4574465
JSWHL,3041281
JSWINFRA,4869121
JSWSTEEL,3001089
JTEKTINDIA,828673
JTLIND,1865473
JUBLCPL,7575041
JUBLFOOD,4632577
JUBLINGREA,712449
JUBLPHARMA,931073
JUNIORBEES,2800385
JUNIPER,5842945
JUSTDIAL,7670273
JWL,5177345
JYOTHYLAB,3877377
JYOTICNC,5461505
JYOTIGLOBL-ST,194105345
JYOTISTRUC,461313
K2INFRA-SM,6005505
KABRAEXTRU,462081
KAJARIACER,462849
KAKATCEM,463617
KALAMANDIR,4801281
KALANA-ST,6514177
KALPATARU,194190849
KALYANI-BE,5031169
KALYANIFRG,3879937
KALYANKJIL,756481
KAMATHOTEL,467457
KAMDHENU,3444993
KAMOPAINTS,3536385
KANANIIND,6601217
KANDARP-SM,2869249
KANORICHEM,469761
KANPRPLA,456193
KANSAINER,306177
KAPSTON-BE,4856065
KARMAENG,6242561
KARNIKA-SM,4983041
KARURVYSYA,470529
KATARIA-SM,6279169
KAUSHALYA,3874817
KAVDEFENCE-BE,3903489
KAYA,2630657
KAYNES,3095553
KAYTEX-SM,194270209
KCEIL-SM,5420289
KCK-SM,2635009
KCP,471297
KCPSUGIND,1231105
KDDL,3816449
KDL-ST,4291841
KEC,3394561
KECL,4664321
KEEPLEARN,199169
KEI,3407361
KELLTONTEC,3438081
KEL-SM,4789249
KEN-SM,7564033
KERNEX,3358977
KESORAMIND,475905
KEYFINSERV,1064193
KFINTECH,3419905
KHADIM,108801
KHAICHEM,229377
KHAITANLTD,1001473
KHANDSE,2468097
KHFM-SM,2449921
KICL,5406465
KILITCH,5103873
KIMS,1240833
KINGFA,4849665
KIOCL,4896257
KIRIINDUS,4259585
KIRLOSBROS,4756737
KIRLOSENG,5359617
KIRLOSIND,4870401
KIRLPNU,3886081
KITEX,7398145
KKCL,3425537
KKJEWELS-SM,7473153
KKVAPOW-SM,4551937
KLL-SM,5423617
KMEW,6933505
KMSUGAR,3754753
KNAGRI,194796289
KNRCON,3912449
KOCONSINAV,2693889
KODYTECH-ST,4801025
KOHINOOR,770305
KOKMNCINAV,2734081
KOKUYOCMLN,4307713
KOLTEPATIL,3871745
KONSTELEC-SM,5752833
KONTOR-SM,4937473
KOPRAN,491265
KORE-SM,2787585
KOTAKAINAV,2580481
KOTAKBANK,492033
KOTAKBINAV,2579201
KOTAKGINAV,2112513
KOTAKIINAV,2579969
KOTAKLINAV,2580993
KOTAKMINAV,2580225
KOTAKNINAV,2580737
KOTAKPINAV,2579713
KOTAKSINAV,3350785
KOTAKVINAV,2579457
KOTARISUG,2981633
KOTHARIPET,1176065
KOTHARIPRO,1415169
KOTLIQINAV,3572737
KOTYARK,194901761
KPEL,6932225
KPIGREEN,1307649
KPIL,464385
KPITTECH,2478849
KPRMILL,3817473
KRBL,2707713
KREBSBIO,495873
KRIDHANINF,2938881
KRISHANA,3288833
KRISHCA-SM,4130049
KRISHIVAL,193736193
KRISHNADEF,194865153
KRISHPP-E1,194736129
KRITI,1642753
KRITIKA,2377729
KRITINUT,2926593
KRMAYURVED-SM,194719745
KRN,6564609
KRONOX,6150401
KROSS,6464513
KRSNAA,1371905
KRT-RR,194158337
KRYSTAL,5932801
KSB,498945
KSCL,3832833
KSHINTL,194670849
KSHITIJPOL-BE,2665473
KSL,4835585
KSOLVES,2831361
KSR-BE,194557185
KTKBANK,2061825
KUANTUM,3550721
KWIL,194802177
LAGNAM,1501441
LAKPRE-BZ,1222145
LAKSHYA-SM,6620161
LAL,3820545
LALPATHLAB,2983425
LAMBODHARA,1640193
LAMOSAIC-SM,6967809
LANCORHOL-BE,5895681
LANDMARK,3398657
LANDSMILL,4448257
LAOPALA,3692289
LASA,5558529
LATENTVIEW,1745409
LATTEYS,4055041
LAURUSLABS,4923905
LAXMICOT-BE,1681921
LAXMIDENTL,7467777
LAXMIINDIA,194268929
LCCINFOTEC-BE,1929473
LEMERITE,194636801
LEMONTREE,667137
LENSKART,194458881
LEXUS-BE,3702273
LFIC,2022913
LGBBROSLTD,4690177
LGEINDIA,194614529
LGHL,5088257
LIBAS,2836993
LIBERTSHOE,510465
LICHSGFIN,511233
LICI,2426881
LICMFGOLD,6563841
LICN50INAV,2585089
LICNETFGSC,1551873
LICNETFN50,2897665
LICNETFSEN,2928897
LICNETINAV,2586625
LICNFNHGP,3898625
LICNFNINAV,2581761
LICNGSINAV,2585857
LICNMDINAV,5818625
LICNMID100,5816833
LIKHITHA-BE,148225
LINC,1779457
LINCOLN,2968577
LINDEINDIA,416513
LIQADDINAV,5994497
LIQCASINAV,5573633
LIQETFINAV,6123009
LIQGRBINAV,7816193
LIQGRWBEES,193977601
LIQIDINAV,4499201
LIQPLSINAV,6931969
LIQSBIINAV,5047041
LIQSHRINAV,6240513
LIQUID,4498433
LIQUID1,3571201
LIQUIDADD,5992193
LIQUIDBEES,2817537
LIQUIDBETF,6122241
LIQUIDCASE,5568001
LIQUIDETF,493313
LIQUIDIETF,1238529
LIQUIDINAV,2593793
LIQUIDPLUS,6931201
LIQUIDSBI,5044481
LIQUIDSHRI,6239745
LIQUIEINAV,2561793
LLOYDSENGG,4557057
LLOYDSENT,6606593
LLOYDSME,4432129
LLOYDS-SM,2936833
LMW,506625
LODHA,824321
LOKESHMACH,3439617
LORDSCHLO,4667393
LOTUSDEV,194085121
LOTUSEYE,4302593
LOVABLE,5738241
LOWVOL,3785217
LOWVOL1,2209793
LOWVOLIETF,5441025
LOYALTEX-BE,2714881
LPDC,4316929
LRRPL-SM,3636225
LT,2939649
LTCASEINAV,7817985
LTF,6386689
LTFL28-N0,194190337
LTFOODS,3536897
LTGILTBEES,4531201
LTGILTCASE,194228481
LTGILTINAV,2594049
LTM,4561409
LTTS,4752385
LUMAXIND,516609
LUMAXTECH,3587585
LUPIN,2672641
LUXIND,2893057
LXCHEM,727297
LYKALABS,519169
LYPSAGEMS,8055809
M&M,519937
M&MFIN,3400961
M&MFIN-N3,5132801
MAANALU,3844353
MACOBSTECH-SM,6283521
MACPOWER,5720833
MADHAV,3878657
MADHAVBAUG-SM,2114305
MADHUCON,3499777
MADHUSUDAN-SM,4794369
MADRASFERT,1257217
MAESGEINAV,2590721
MAFANG,897793
MAFANGINAV,2590209
MAFSETINAV,2587649
MAG813INAV,3827969
MAGADSUGAR,5476353
MAGNUM,3828993
MAGOLDINAV,3657985
MAGOLDINAV-RL,3658241
MAGSON-SM,4374529
MAHABANK,2912513
MAHAPE-RE-BE,194985217
MAHAPEXLTD,1341185
MAHASTEEL-BE,4487937
MAHEPC,4506369
MAHESHWARI,2451457
MAHICKRA-ST,727041
MAHKTECH,1810945
MAHKTEINAV,2586881
MAHLIFE,2060801
MAHLOG,98561
MAHSCOOTER,533761
MAHSEAMLES,534529
MAITHANALL,6281729
MAITREYA-SM,5071105
MAKEINDIA,2042625
MAKS-SM,2871809
MALLCOM,2039041
MAL-SM,4898305
MALUPAPER,3418113
MAM150INAV,2588161
MAMATA,7343873
MAMFGEINAV,2587905
MAN50EINAV,2587137
MANAKALUCO-BE,1901313
MANAKCOAT,1897729
MANAKSIA,3890945
MANAKSTEEL,1910529
MANALIPETC,3531777
MANAPPURAM,4879617
MANAV-ST,5554689
MANBA,6552833
MANCREDIT,6354689
MANDEEP-SM,6087425
MANGALAM-BE,3025921
MANGLMCEM,539137
MANILAM-SM,194604545
MANINDS,3042305
MANINFRA,4665857
MANKIND,3937281
MANOMAY,3520769
MANORAMA,2618113
MANORG,1644033
MANUFGBEES,194218753
MANUGRAPH,3474433
MANXT5INAV,2589953
MANYAVAR,2090753
MAPMYINDIA,1850113
MARALOVER,540673
MARATHON,4776705
MARCO-SM,4805889
MARC-ST,194676737
MARICO,1041153
MARINE,339969
MARINETRAN-SM,5224961
MARKOLINES,194612225
MARKSANS,2708225
MARSONS,194914817
MARUSHIKA-SM,194826753
MARUTI,2815745
MASFIN,50945
MASILINAV,4295681
MASKINVEST,4794113
MASON-SM,6215169
MASPTOINAV,2590465
MASPTOP50,1480193
MASTEK,543745
MASTER-SM,4866817
MASTERTR,6924033
MATRIMONY,5561857
MAWANASUG,4357633
MAXESTATES,5029377
MAXHEALTH,5728513
MAXIND,5741569
MAXPOSURE-SM,5552897
MAXVOLT-SM,7589121
MAYASHEEL-SM,193942273
MAYURUNIQ,7399937
MAZDA,4829697
MAZDOCK,130305
MBAPL,3247617
MBEL,194086401
MBLINFRA,4615425
MCL-BE,5724673
MCLEODRUSS,3057409
MCLOUD,7547393
MCON-SM,3730945
MCX,7982337
MD150CINAV,6166273
MDL-SM,545793
MEDANTA,3060737
MEDIASSIST,5556481
MEDICAMEQ,1607169
MEDICO,2474753
MEDIORG-SM,6205185
MEDISTEP-ST,194157057
MEDPLUS,1857025
MEESHO,194618625
MEGAFLEX-ST,2810881
MEGASTAR,2087169
MEGATHERM-SM,5775361
MEIL,194239489
MENONBE,1782017
MEP-BZ,6625793
METAL,6590465
METALIETF,6364417
METALIINAV,6368257
METALINAV,6591233
METROBRAND,1853953
METROPOLIS,2452737
MFML,6383873
MFSL,548353
MGBEESINAV,7818497
MGEL,407809
MGL,4488705
MGSL-SM,194545921
MHHL-SM,365057
MHLSDDR-SF,7825409
MHLSDD-SF,7824897
MHLSDG-SF,7824385
MHLSRDR-SF,7823873
MHLSRD-SF,7823361
MHLSRG-SF,7822849
MHLXMIRU,2018817
MHRIL,4437249
MICEL,1835265
MICROPRO-SM,5091073
MID150,7800065
MID150BEES,2177537
MID150CASE,6163713
MID150INAV,2594305
MID15INAV,7801601
MIDADDINAV,7830273
MIDCAP,2067713
MIDCAPADD,194651137
MIDCAPBETA,4696833
MIDCAPETF,2153729
MIDCAPIETF,4390913
MIDHANI,630529
MIDQ50ADD,1908737
MIDSELIETF,4531713
MIDSMAINAV,6107649
MIDSMALL,6106881
MIDWESTLTD,194436353
MIEL-SM,6305025
MILTON-ST,41473
MINDACORP,6629633
MINDPOOL-SM,2278401
MINDSPACE-RR,5710849
MINDTECK,4620545
MINFRAINAV,7809025
MIRCELECTR,563713
MIRZAINT,1124865
MITCON,2168065
MITTAL,4751873
MKPL,4284417
MMEL-SM,193999361
MMFL,3544065
MMP,4197121
MMTC,4596993
MNC,2733057
MNV30FINAV,3791617
MOALPHA50,193963265
MOALPHINAV,7815425
MOBANK10,194993409
MOBIKWIK,7179777
MOBILISE-SM,194610177
MOBK10INAV,7838721
MOCAPIINAV,7697409
MOCAPITAL,7696641
MODEFENCE,6385665
MODEFINAV,6386433
MODINATUR,194630913
MODIRUBBER,570625
MODIS,194496513
MODISONLTD,848897
MODTHREAD,573697
MOENERGY,194399745
MOENERINAV,7821057
MOGOLD,193994497
MOGOLDINAV,7816449
MOGSEC,385793
MOGSECINAV,2590977
MOHEALTH,2690049
MOHITIND,7532289
MOHLTHINAV,2708993
MOIL,5332481
MOINFRA,193799937
MOIPO,194532097
MOIPOINAV,7827457
MOKSH,918017
MOL,1380865
MOLDTECH,4512001
MOLDTKPAC,1718529
MOLOWVINAV,2593537
MOLOWVOL,2215425
MOM100,5484289
MOM100INAV,2591233
MOM30IETF,2709761
MOM50,4937985
MOM50INAV,2592513
MOME30INAV,7821313
MOME50INAV,6558977
MOMENTUM,2737409
MOMENTUM30,194428929
MOMENTUM50,6555137
MOMGF,193817345
MOMGFINAV,7809793
MOMIDMINAV,7814657
MOMIDMTM,194001153
MOMNC,194573825
MOMNCINAV,7828993
MOMNTMINAV,2743041
MOMOMEINAV,2593025
MOMOMENTUM,2094593
MON100,5821185
MON100INAV,2593281
MON500INAV,4927489
MON50EINAV,7808257
MON50EQUAL,193766401
MONARCH,1965825
MONEXT50,193834753
MONEYBOXX,194401537
MONIFTY100,194398977
MONIFTY500,4924673
MONOLITH-SM,193781249
MONOPHARMA-SM,4708353
MONQ50,1900033
MONQ50INAV,2592769
MONT50INAV,7808513
MONTECARLO,1520129
MOPSE,193902337
MOPSEINAV,7812353
MOQLTYINAV,2772481
MOQUALITY,2770433
MORARJEE-BZ,6624257
MOREALINAV,5935873
MOREALTY,5935105
MOREPENLAB,578305
MOS250INAV,5936129
MOSCHIP,7541505
MOSERVICE,194560257
MOSERVINAV,7828481
MOSILVER,194164993
MOSILVINAV,7817729
MOSMALL250,5934337
MOS-SM,3853057
MOTHERSON,1076225
MOTHERSON-D1,6530561
MOTILALOFS,3826433
MOTISONS,5321729
MOTOGENFIN,580609
MOTOUR,193905409
MOTOURINAV,7812609
MOVALUE,2771201
MOVALUINAV,2772737
MOXSH-ST,3457793
MOY100INAV,7820545
MPEL-SM,194393857
MPHASIS,1152769
MPSLTD,2707969
MPTODAY-SM,5578753
MRF,582913
MRIL-SM,194223361
MRPL,584449
MSCIADD,194554369
MSCIADINAV,7828737
MSCIINDIA,7618049
MSCIININAV,7618817
MSPL,3051265
MSTCLTD,2395137
MSUMI,2200577
MTARTECH,693505
MTEDUCARE-BE,8041729
MTNL,587265
MUFIN,5064449
MUFTI,5344769
MUKANDLTD,2899201
MUKKA,5882881
MUKTAARTS,2223873
MULCAPINAV,6421505
MULTICAP,6420481
MUNISH-SM,194410497
MUNJALAU,3458817
MUNJALSHOW,590593
MURUDCERA,592129
MUTF27-NL,5980929
MUTHOOTCAP,2666241
MUTHOOTFIN,6054401
MUTHOOTMF,5332737
MVGJL,4867841
MVKAGRO-SM,5881857
MWL,194347265
MYMUDRA-SM,6453249
NACLIND,5228801
NAGAFERT-BZ,3343361
NAGREEKCAP,3825153
NAGREEKEXP,3763713
NAHARCAP,3932161
NAHARINDUS,3355137
NAHARPOLY,3697921
NAHARSPING,3696641
NAMAN-SM,5985025
NAM-INDIA,91393
NAMOEWASTE-SM,6442753
NARMADA,2976513
NATCAPSUQ,7573249
NATCOPHARM,1003009
NATHBIOGEN,2832641
NATIONALUM,1629185
NAUKRI,3520257
NAVA,1027585
NAVINFLUOR,3756033
NAVKARCORP,2702593
NAVKARURB,7461377
NAVNETEDUL,610561
NAVNIFINAV,4779777
NAZARA,764673
NBCC,8042241
NBIFIN,4892417
NCC,593665
NCLIND,3709441
NDGL,4702977
NDL,8002049
NDLVENTURE,3724033
NDR31-N0,195005185
NDRAUTO,5697281
NDRINVIT-IV,5806081
NDTV,2925313
NECCLTD,3461633
NECLIFE,3053313
NEELAM-SM,6943489
NELCAST,3778817
NELCO,611329
NEOCHEM-SM,194797569
NEOGEN,2538753
NEPHROCARE-SM,6233601
NEPHROPLUS,194648577
NEPTUNE-ST,193918977
NESCO,3944705
NESTLEIND,4598529
NETF,2006529
NETFINAV,2603009
NETFSIINAV,2108673
NETWEB,4462849
NETWORK18,3612417
NEUEON-BE,7821825
NEULANDLAB,615937
NEWGEN,297985
NEWJAISA-SM,4904449
NEXT30ADD,7542785
NEXT50,4398337
NEXT50ADD,194713345
NEXT50BETA,5498369
NEXT50ETF,194741505
NEXT50IETF,1159425
NEXT50INAV,7832833
NEXT5EINAV,7833089
NEXTMEDIA,2525953
NFL,3564801
NFQLTYINAV,2742785
NGIL,1382657
NGLFINE,2630913
NH,3031041
NHIT-IV,1671937
NHPC,4454401
NIACL,102145
NIBE,7548673
NIBL,7611649
NIDAN-SM,1687553
NIDOZC26-N7,4574209
NIF100BEES,7571713
NIF100IETF,7780353
NIF100INAV,7668737
NIF10GINAV,5770241
NIF5GINAV,5769985
NIFITEINAV,5757697
NIFTY1,4634113
NIFTY100EW,7665665
NIFTYADD,1907457
NIFTYBEES,2707457
NIFTYBETA,2690817
NIFTYBETF,5621505
NIFTYBINAV,5641473
NIFTYCASE,194381313
NIFTYCINAV,7822593
NIFTYETF,1626369
NIFTYIETF,7565569
NIFTYQLITY,2736641
NIITLTD,2949633
NIITMTS,4543233
NIKITA-SM,194093569
NILAINFRA,2368769
NILASPACES,1897217
NILKAMAL,619777
NIM150INAV,4698369
NIMBSPROJ,195000321
NINSYS,3633665
NIPPOBATRY,1736193
NIRAJ,65281
NIRAJISPAT-BE,4824065
NIRMAN-ST,3769601
NITCO,3404801
NITINSPIN,3372801
NITIRAJ,831233
NIVABUPA,6936833
NKIND,624385
NLCINDIA,2197761
NMDC,3924993
NMSTEEL-SM,7373057
NOCIL,625153
NOIDATOLL,2761217
NORBTEAEXP,1064961
NORTHARC,6509057
NOVAAGRI,5754113
NPBET,3322369
NPBETINAV,2603521
NPST,193618945
NRAIL,5200385
NRBBEARING,1933569
NRL,3500801
NRVANDANA-SM,193917185
NSIL,2877185
NSLNISP,3630081
NTPC,2977281
NTPCGREEN,6957057
NUCLEUS,2762497
NURECA,601601
NUVAMA,4792577
NUVOCO,1389057
NV20,2932993
NV20BEES,2520833
NV20IETF,4473601
NX30ADINAV,7544577
NXST-RR,4048641
NXT-INFRA-IV,6220289
NYKAA,1675521
OAL,2756609
OBCL,2252033
OBEROIRLTY,5181953
OBSCP-SM,6636289
OCCLLTD,6635009
ODIGMA,7058177
OFSS,2748929
OIL,4464129
OILCOUNTUB,632833
OILETFINAV,6285057
OILIETF,6280449
OLAELEC,6342913
OLECTRA,2723073
OLIL-SM,4962817
OMAXAUTO,2796033
OMAXE,3802369
OMFREIGHT,194409217
OMFURN-SM,29953
OMINFRAL,6203137
OMKARCHEM-BZ,3459841
OMNI,194781441
ONDOOR-SM,5041153
ONELIFECAP,6525953
ONEPOINT,2544385
ONESOURCE,7481345
ONGC,633601
ONMOBILE,3911169
ONWARDTEC,635137
ONYX-SM,6946817
OPTIEMUS,5496065
OPTIVALUE-SM,194278401
ORBTEXP,8057601
ORCHASP,7549953
ORCHPHARMA,237057
ORIANA-SM,4577793
ORICONENT,2600705
ORIENTALTL,3672577
ORIENTBELL,3655169
ORIENTCEM,7702785
ORIENTCER,3356417
ORIENTELEC,760833
ORIENTHOT,638209
ORIENTLTD,4661249
ORIENTPPR,638977
ORIENTTECH,6390017
ORISSAMINE,5102337
ORKLAINDIA,194449665
ORTEL-BZ,3410177
ORTINGLOBE-BE,762881
OSEINTRUST-IV,2671361
OSELDEVICE-SM,6498817
OSIAHYPER,3234561
OSWALAGRO,643585
OSWALGREEN,120577
OSWALPUMPS,193741313
OSWALSEEDS,3662081
OWAIS-SM,5865217
PACEDIGITK,194391553
PAGEIND,3689729
PAISALO,6519809
PAKKA,4402433
PALASHSECU,5474049
PALREDTEC,4367873
PANACEABIO,1038081
PANACHE-BE,4186881
PANAMAPET,6500353
PANSARI,1572097
PAR,1441537
PARACABLES,3571457
PARADEEP,2493697
PARAGMILK,4385281
PARAGON-SM,5063425
PARAMATRIX-SM,6417665
PARAMOUNT-SM,6583297
PARAMPARA-ST,346625
PARAS,1513217
PARASPETRO-BE,2297601
PARIN-SM,1397761
PARKHOSPS,194649857
PARKHOTELS,5798145
PARSVNATH,3530497
PARTH-ST,194104321
PARTYCRUS-SM,665345
PASHUPATI,194036481
PASUPTAC,1547521
PATANJALI,4359425
PATELENG,2994945
PATELRMART,194416385
PATILAUTOM-SM,193782529
PATINTLOG,3896065
PATTECH-SM,3875073
PAUSHAKLTD,194552065
PAVNAIND,4145153
PAYTM,1716481
PCBL,678145
PCCL-SM,6218241
PCHF230125-N0,7487233
PCJEWELLER,7455745
PCPL27-N0,6568193
PDMJEPAPER,3936513
PDSL,1347585
PEARLPOLY,668161
PELATRO-SM,6504449
PENIND,5278977
PENINLAND,577537
PENTAGON-SM,4385793
PERFECT-SZ,194078977
PERSISTENT,4701441
PETRONET,2905857
PFC,3660545
PFCL36A-N8,194766337
PFCL36B-N9,194766593
PFCL36-N7,194766081
PFCL41A-NE,194770945
PFCL41-ND,194770689
PFIZER,676609
PFOCUS,3454977
PFS,5786113
PGEL,6491649
PGHH,648961
PGHL,240641
PGIL,3650561
PGINVIT-IV,894465
PHANTOMFX-SM,2972673
PHARMABEES,1273089
PHARMAINAV,2598145
PHFL29-N0,195003649
PHOENIXLTD,3725313
PHOGLOBAL-SM,6531329
PICCADIL,193985025
PIDILITIND,681985
PIGL,4023297
PIIND,6191105
PILANIINVS,2929921
PILITA,7893761
PINELABS,194513921
PIONEEREMB,3446529
PIRAMALFIN,194445057
PITTIENG,3618305
PIXTRANS,2326273
PKTEA,2642177
PLADAINFO-SM,4989953
PLASTIBLEN,3563521
PLATIND,5870081
PLAZACABLE,4981249
PNB,2730497
PNBGILTS,2236417
PNBHOUSING,4840449
PNC,2391553
PNCINFRA,2402561
PNGJL,6479873
PNGSREVA,194621953
POCL,3682561
PODDARMENT,4873217
POKARNA,4518657
POLICYBZR,1703937
POLYCAB,2455041
POLYMED,6583809
POLYPLEX,687873
POLYSIL-ST,5814785
PONNIERODE,2729217
POONAWALLA,2919169
POSITRON-SM,6365185
POWERGRID,3834113
POWERICA,194990081
POWERINDIA,4724993
POWERMECH,2681089
PPAP,3893505
PPL,2636033
PPLPHARMA,2962177
PPSL-SM,6344961
PRABHA,7714305
PRABHAPP-E1,194979073
PRAENG,3568897
PRAJIND,692481
PRAKASH,693249
PRAKASHSTL,5017345
PRAMARA-SM,4739585
PRANIK-SM,6609409
PRATHAM-SM,5916929
PRAXIS,308225
PRECAM,3226369
PRECISION-SM,2035201
PRECOT-BE,1506305
PRECWIRE,695553
PREMEXPLN,4453633
PREMIER-BE,1599489
PREMIERENE,6412545
PREMIERPOL-BE,2662657
PREMIUM-SM,6629889
PRESSTONIC-ST,5249537
PRESTIGE,5197313
PRICOLLTD,5025537
PRIMECAB-SM,194309889
PRIMESECU,3037185
PRIMO,193772801
PRINCEPIPE,4107521
PRITI,2125825
PRITIKA-SM,3320577
PRITIKAUTO,1354753
PRIVISCL,2259201
PRIZOR-ST,6274817
PRLIND-SM,6083585
PROFX-SM,193998337
PROLIFE-SM,4954113
PROPEQUITY-SM,2236161
PROSTARM,194092289
PROTEAN,7544833
PROV-SM,4219649
PROZONER,7387905
PRSMJOHNSN,701185
PRUDENT,2445569
PRUDMOULI,5254913
PSB,5376257
PSBKICINAV,3734785
PSFL-SM,6510337
PSPPROJECT,5344513
PSRAJ-SM,7593473
PSUBANK,3855617
PSUBANKADD,4509697
PSUBNKBEES,3848193
PSUBNKIETF,3733505
PTC,2906881
PTCIL,4270593
PTL,3609857
PULZ-SM,129793
PUNJABCHEM,1112065
PURPLEUTED-SM,7175169
PURVA,3820033
PURVFLEXI-SM,5872129
PUSHPA-SM,193966849
PVP,1026561
PVRINOX,3365633
PVSL,5924353
PVTBANIETF,2914817
PVTBANKADD,4499457
PWL,194489089
PYRAMID,4672001
QFIL-SM,3740929
QGOLDHALF,3924481
QGOLDHINAV,2113793
QMSMEDI-SM,2935553
QNIFTY,4305665
QNIFTYINAV,2598657
QPOWER,7606017
QSIFHDG-SF,194376961
QSIFHRG-SF,194380289
QSIFHRR-SF,194451457
QUADFUTURE,7446273
QUADPRO-SM,1502721
QUAL30IETF,4558849
QUALITINAV,7815681
QUALITY30,194034177
QUESS,4532225
QUESTLAB-ST,6091777
QUICKHEAL,3357697
QUICKTOUCH-SM,3912961
QUINTEGRA-BE,2400257
QVCEL-SM,6388993
RACE-BE,3941377
RACLGEAR,6955777
RADAAN,2798593
RADHIKAJWE,2647809
RADIANTCMS,3476481
RADICO,2813441
RADIOCITY,5088513
RADIOWALLA-SM,6001153
RAILTEL,622337
RAIN,3926273
RAINBOW,2408449
RAJESHEXPO-BZ,194678017
RAJINDLTD-SM,6324993
RAJMET,555009
RAJOOENG,193804545
RAJPUTANA-SM,6980865
RAJRATAN,4854273
RAJRILTD-BE,2157569
RAJSREESUG,719105
RAJTV,3687169
RAJVIR-BZ,1602305
RALLIS,720897
RAMANEWS,3472641
RAMAPHO,2705409
RAMASTEEL,2636801
RAMCOCEM,523009
RAMCOIND,1174273
RAMCOSYS,2009857
RAMKY,5154305
RAMRAT,2684161
RANASUG,726273
RANEHOLDIN,728065
RAPIDFLEET-SM,7797761
RAPPID-SM,6556161
RATEGAIN,1837313
RATNAMANI,3443457
RATNAVEER,4716289
RAYMOND,731905
RAYMONDLSL,6418689
RAYMONDREL,194189057
RBA,382465
RBLBANK,4708097
RBMINFRA-SM,3473921
RBS-SM,6032641
RBZJEWEL,5343745
RCDL-SM,5038337
RCF,733697
RCOM-BE,3376129
READYMIX-SM,7567617
RECLTD,3930881
REDINGTON,3649281
REDTAPE,4571905
REFEX,4547585
REFRACTORY-SM,6071809
REGAAL,194222081
REGENCERAM,1057281
RELAXO,6201601
RELCHEMQ,2470913
RELIABLE,6240769
RELIANCE,738561
RELIGARE,3857409
RELINFRA-BE,1226497
RELTD,6296577
REMSONSIND,1015041
REMUS-SM,4135425
RENUKA,3078657
REPCOHOME,7577089
REPL,378881
REPRO,3360257
RESPONIND,5202689
RETAIL,6181121
REXPIPES-SM,1359105
REXPRO-SM,7493121
RGL,3873025
RHETAN,194319873
RHFL-BZ,194356225
RHIM,7977729
RHL,3880193
RICHA-SM,2101249
RICOAUTO,744705
RIIL,745473
RIIT-IV,195134465
RILINFRA-SM,2522625
RISHABH,4714753
RITCO,2289665
RITES,962817
RITEZONE-SM,3048961
RKDL,5363201
RKEC,396033
RKFORGE,2921217
RKSWAMY,5899009
RMC-BE,195160833
RMDRIP,194005505
RML,3065601
RNBDENIMS-BE,194299905
RNFI-SM,6294785
RNPL-SM,194088193
ROADSTAR-IV,7693057
ROCKINGDCE-SM,5193985
ROCKPP-E1,194568449
ROHLTD,3374593
ROLEXRINGS,1351425
ROLLT-BE,4891649
ROML,91905
ROSSARI,4968961
ROSSELLIND,7401729
ROSSTECH,7002369
ROTO,2316545
ROUTE,32769
ROXHITECH-SM,5162753
ROYALARC-SM,7610113
RPEL,6332161
RPGLIFE,4281601
RPOWER,3906305
RPPINFRA,5314561
RPPL,1769729
RPSGVENT,2078465
RPTECH,5803521
RRKABEL,4752897
RSL,194928385
RSSOFTWARE,1645825
RSWM,715265
RSYSTEMS,3433985
RTL-ST,193991681
RTNINDIA,6988033
RTNPOWER,4485121
RUBFILA,6330881
RUBICON,194384897
RUBYMILLS,752385
RUCHINFRA,1168897
RUCHIRA,3538177
RUDRA,194660353
RULKA-SM,6100481
RUPA,6585345
RUSHIL,6296321
RUSTOMJEE,3128065
RVHL,400641
RVNL,2445313
RVTH,6440193
S&SPOWER-BE,2235649
SAAKSHI-SM,4887809
SAATVIKGL,194318593
SABAR-ST,2812161
SACHEEROME-SM,193896705
SADBHAV-BE,3389441
SADBHIN,2718209
SADHAV-SM,5861633
SADHNANIQ,3927809
SAFARI,3336961
SAFEENTP-SM,193941249
SAGARDEEP,2092801
SAGCEM,3601409
SAGILITY,6925313
SAHAJSOLAR-SM,6266369
SAHAJ-SZ,193923073
SAHANA-SM,4278017
SAHASRA-SM,6571009
SAHLIBHFI,194992129
SAHYADRI,3814401
SAIFL-SM,5400577
SAIL,758529
SAILIFE,7126785
SAIPARENT,194988801
SAJHOTELS-SM,6582273
SAKAR,2441985
SAKHTISUG,760065
SAKSOFT,3019265
SAKUMA,3392257
SALASAR,5468673
SALONA,4441857
SALSTEEL,2978305
SALZERELEC,2918145
SAMAY-SM,193753089
SAMBHAAV,1056513
SAMBHV,193988353
SAMHI,4765185
SAMMAANCAP,7712001
SAMPANN,6989569
SANATHAN,7374081
SANCO-BZ,3745281
SANDESH,764929
SANDHAR,613633
SANDUMA,4699905
SANGAMIND,1071105
SANGANI-SM,4616961
SANGHVIMOV,3598849
SANGINITA-BE,2824449
SANOFI,369153
SANOFICONR,6456833
SANSERA,1472257
SANSTAR,6292993
SANWARIA-BZ,11777
SAPPHIRE,1719809
SARDAEN,4546049
SAREGAMA,1252353
SARLAPOLY,3595009
SAROJA-SM,4737537
SARTELE-SM,5084929
SARVESHWAR,3305729
SASKEN,3067649
SASTASUNDR,5136129
SATECH-SM,6316545
SATIA,2827521
SATIN,2675969
SATIPOLY-SM,6273025
SATKARTAR-SM,7462657
SATTVAENGG-SM,194293761
SAURASHCEM,772609
SAVY-SM,193972225
SAWALIYA-SM,194161665
SBC,1738753
SBCL,1191937
SBFC,4614657
SBGLP,3619585
SBI150INAV,7838465
SBIBPB,7754241
SBIBPBINAV,7755009
SBICARD,4600577
SBICONINAV,2599169
SBIETFCON,1323009
SBIETFINAV,2600961
SBIETFIT,189441
SBIETFPB,184833
SBIETFQLTY,1847809
SBIFPBINAV,2599425
SBILIFE,5582849
SBILIQETF,194174977
SBILIQINAV,7817473
SBILTYINAV,2598913
SBIMIDMOM,194840321
SBIMOMINAV,7835905
SBIN,779521
SBINEQINAV,6278913
SBINEQWETF,6278145
SBINMID150,195005697
SBISILINAV,6238465
SBISILVER,6237697
SCFL310524-ZE,6127105
SCHAEFFLER,258817
SCHAND,5298689
SCHNEIDER-BE,7996929
SCI,780289
SCILAL,5920513
SCL010825-NB,193911553
SCL0182025-NC,193911809
SCL01825-N6,193910273
SCL1825-N5,193910017
SCL190325A-N1,7737857
SCL190325-N1,7734273
SCL19325A-N1,7733761
SCL19325-N1,7735809
SCL25924A-N1,6539265
SCL25924C-N1,6541825
SCL25924D-N1,6542337
SCL25924-N1,6538753
SCL26-NA,5061121
SCL271224A-N1,7400449
SCL271224B-N1,7404289
SCL271224-N1,7400193
SCL310524A-ZK,6131201
SCL310524-ZF,6127873
SCLZC26A-NF,4771329
SCLZC26B-AY,4488961
SCLZC26C-NB,5061633
SCLZC26D-NO,5140993
SCLZC26E-NP,5142529
SCLZC26F-Y9,5376769
SCLZC26G-YA,5378049
SCLZC26-NB,4769281
SCML-SM,4984065
SCODATUBES,193914369
SCPL-BE,3092737
SDBL,342529
SDL24BINAV,2596353
SDL26BEES,773633
SDL26BINAV,2597633
SDREAMS-SM,6535169
SEAMECLTD,669697
SECL-ST,3336193
SECMARK,4990977
SECURKLOUD,2830849
SEDEMAC,194855169
SEITINVIT-IV,5458177
SEJALLTD,1815297
SELECTIPO,7707905
SELIPOINAV,7712513
SELLOWRAP-SM,194043393
SELMC,1603073
SEL-SM,4675585
SEMAC,3062017
SENCO,4421377
SENORES,7395329
SENSEXADD,4508929
SENSEXBETA,2691841
SENSEXETF,4921345
SENSEXIETF,1120769
SENSEXINAV,4927233
SEPC,3918849
SERVICE-ST,4458497
SERVOTECH,1409793
SESHAPAPER,784897
SETCO-BE,4484609
SETF10GILT,4453121
SETF10INAV,2599681
SETF50INAV,2601217
SETFGOINAV,2114049
SETFGOLD,4421633
SETFNIF50,2605057
SETFNIFBK,1884417
SETFNIINAV,2602497
SETFNN50,1882369
SETFNNINAV,2602753
SETL,7443201
SETUINFRA-BZ,4614145
SEYAIND-BE,2774017
SFL,4911105
SFLZC26A-ZC,3312897
SFML-SM,7185665
SGBAPR28I-GB,4828673
SGBAUG27-GB,3303425
SGBAUG28V-GB,5730561
SGBAUG29V-GB,1396481
SGBAUG30-GB,2865153
SGBD29VIII-GB,1817089
SGBDC27VII-GB,3950593
SGBDE30III-GB,3492353
SGBDE31III-GB,5753857
SGBDEC26-GB,1959425
SGBFEB27-GB,2244097
SGBFEB28IX-GB,4521985
SGBFEB29XI-GB,563201
SGBFEB32IV-GB,5858817
SGBJ28VIII-GB,4380161
SGBJAN27-GB,2126849
SGBJAN29IX-GB,491521
SGBJAN29X-GB,512769
SGBJAN30IX-GB,2017025
SGBJU29III-GB,972801
SGBJUL27-GB,2855425
SGBJUL28IV-GB,5693953
SGBJUL29IV-GB,1308929
SGBJUN27-GB,2626817
SGBJUN28-GB,4883969
SGBJUN29II-GB,958209
SGBJUN30-GB,2619393
SGBJUN31I-GB,4403713
SGBMAR28X-GB,4723457
SGBMAR30X-GB,2150657
SGBMAR31IV-GB,3737089
SGBMAY26-GB,740097
SGBMAY28-GB,4856833
SGBMAY29I-GB,957953
SGBMR29XII-GB,719361
SGBN28VIII-GB,343553
SGBNOV26-GB,1626881
SGBNV29VII-GB,1668609
SGBOC28VII-GB,213505
SGBOCT26-GB,1525761
SGBOCT27-GB,3579137
SGBOCT27VI-GB,3648513
SGBSEP27-GB,3381505
SGBSEP28VI-GB,38145
SGBSEP29VI-GB,1427201
SGBSEP31II-GB,4980737
SGFIN,194266369
SGIL,1309185
SGL,3421953
SGMART,194275585
SHADOWFAX,194936065
SHAH,5195777
SHAHALLOYS,3035137
SHAILY,2234113
SHAIVAL-ST,2735105
SHAKTIPUMP,6546945
SHALBY,182785
SHALPAINTS,3927553
SHANKARA-BE,5206273
SHANTHALA-SM,5056513
SHANTI,1446401
SHANTIGEAR,787969
SHANTIGOLD,194048513
SHARDACROP,1277953
SHARDAMOTR,2695681
SHAREINDIA,26625
SHARIABEES,4363265
SHEEL-SM,194408193
SHEETAL-ST,5229057
SHEKHAWATI,5400321
SHEMAROO,1297409
SHERA-SM,3628033
SHETHJI-SM,194509313
SHIGAN-ST,2149889
SHILCTECH,194520833
SHILPAMED,4544513
SHIVALIK,1796097
SHIVAMAUTO,3521537
SHIVAMILLS,383233
SHIVASHRIT-SM,194238465
SHIVATEX,205825
SHIVAUM-BE,194495745
SHK,2870273
SHKSIL-SM,194193409
SHOPERSTOP,3024129
SHRADHA,181249
SHREDIGCEM,793345
SHREECEM,794369
SHREEJISPG,194418689
SHREEKARNI-SM,5906945
SHREEOSFM-SM,5274369
SHREEPUSHK,2710529
SHREERAMA,1952513
SHREMINVIT-IV,1463809
SHRENIK-BZ,194624513
SHREYANIND,800257
SHRIAHIMSA-SM,193639937
SHRIKANHA-SM,194611713
SHRINGARMS,194327809
SHRIPISTON,4399617
SHRIRAMFIN,1102337
SHRIRAMPPS,1843201
SHRITECH-SM,4527105
SHUBHLAXMI-SM,1651457
SHUBHSHREE-SM,6461441
SHYAMCENT,2608129
SHYAMDHANI-SM,194869761
SHYAMMETL,1201409
SHYAMTEL,3517441
SICALLOG-BE,4976641
SICCL28-N0,194516993
SIDDHICOTS-ST,194318337
SIDDHIKA-SM,805889
SIEMENS,806401
SIGACHI,1705729
SIGIND,1157633
SIGMA,4264449
SIGMAADV,3787009
SIGNATURE,4798209
SIGNORIA-SM,5925633
SIGNPOST,5799937
SIHF27-N0,6643201
SIHF29A-N0,195004161
SIHF29-N0,194720769
SIKKO,1591809
SIL,2892033
SIL360INAV,7807489
SILBNDINAV,7829505
SILCASINAV,7751681
SILETFINAV,3864065
SILGO,637953
SILINV,1050881
SILKFLEX-ST,6077185
SILKY-SM,193965825
SILLYMONKS,4888833
SILVER,2048769
SILVER1,3348993
SILVER360,193574401
SILVERADD,2754817
SILVERAG,4294913
SILVERBEES,2068481
SILVERBETA,3861761
SILVERBND,194643969
SILVERCASE,7750145
SILVERIETF,2033153
SILVERINAV,2108929
SILVERTUC,2412033
SIMBHALS-BZ,194262017
SIMPLEXINF,809473
SINCLAIR,6010881
SINDHUTRAD,4315905
SINGERIND,194923521
SINTERCOM,97537
SIRCA,2828801
SIS,5504257
SITINET-BZ,7477761
SIYSIL,3608577
SJLOGISTIC-SM,5258753
SJS,1700609
SJVN,4834049
SKFINDIA,815617
SKFINDUS,194585857
SKIL-BZ,6171393
SKIPPER,2413569
SKMEGGPROD,1211393
SKP-SM,2643201
SKYGOLD,3489537
SLONE-SM,6064385
SMAADDINAV,7830529
SMACAPINAV,5852929
SMALL250,194512385
SMALL2INAV,7826689
SMALLADD,194651905
SMALLCAP,5844993
SMARTEN-SM,193950465
SMARTLINK,2531585
SMARTWORKS,194039041
SMCGLOBAL,593921
SML100CASE,194292481
SML100INAV,7819265
SMLMAH,867073
SMLT,1751809
SMSPHARMA,3668225
SMVD-ST,217601
SNEHAA-SM,194290177
SNOWMAN,1239809
SNXT30BEES,193908481
SNXT30INAV,7812865
SNXT50BETA,2347009
SOBHA,3539457
SOCL-SM,194867713
SOFTTECH,2116097
SOLARA,940033
SOLARINDS,3412993
SOLARWORLD,194541825
SOLEX,194405633
SOMANYCERA,993281
SOMATEX-BE,2330625
SOMICONVEY,4555265
SONACOMS,1199105
SONAMAC-SM,5901313
SONAMLTD,2254337
SONATSOFTW,1688577
SONUINFRA-SM,2421249
SOTAC-SM,3838209
SOTL,773377
SOUTHBANK,1522689
SOUTHWEST,2477569
SPAL,4672513
SPANDANA,2927361
SPARC,3785729
SPCENET,4959233
SPCL-SM,6207745
SPCON-SM,194916609
SPEB-SM,194594561
SPECIALITY,6939393
SPECTRUM,7796481
SPECTSTM-SM,4320257
SPENCERS,2089729
SPIC,832513
SPLIL,3055361
SPLPETRO,2461953
SPMLINFRA,850177
SPORTKING,2747649
SPPPOLY-SM,6478337
SPRL-SM,2181377
SPUNWEB-SM,194013441
SRD,6588673
SREEL,8150273
SRF,837889
SRGHFL,4638465
SRHHYPOLTD,3732993
SRIVASAVI-SM,3689217
SRM,5990913
SRPL-BZ,7330561
SRTL,194608129
SSDL,6363137
SSEGL-SM,6322433
SSFLPP-E1,194155521
SSFL-SM,4622337
SSWL,3028225
STALLION,7476225
STANLEY,6201857
STAR,1887745
STARCEMENT,5399297
STARHEALTH,1813249
STARPAPER,842497
STARTECK,2382081
STCINDIA,2802689
STEELCAS,1741569
STEELCITY,2663937
STEELXIND,5462785
STEL,5499905
STERTOOLS,1100545
STLNETWORK,194293249
STLTECH,2383105
STOVEKRAFT,539393
STRIDERS-SM,194839297
STUDDS,194454273
STUDIOLSD-SM,194182913
STYL,194543105
STYLAMIND,1327617
STYLEBAAZA,6429185
STYRENIX,4865
SUBAHOTELS-SM,194588673
SUBEXLTD,247553
SUBROS,850945
SUDARCOLOR,183041
SUDARSCHEM,851713
SUDEEPPHRM,194569985
SUKHJITS,3021825
SULA,3383809
SUMEETINDS,5322241
SUMICHEM,4378881
SUMIT,2851841
SUMMITSEC,5446401
SUNCLAY,5364737
SUNDARAM,4846337
SUNDARMFIN,854785
SUNDRMBRAK,1069825
SUNDRMFAST,856321
SUNDROP,425729
SUNFLAG,857089
SUNLITE-SM,6366209
SUNPHARMA,857857
SUNREST-RE-ST,194986497
SUNREST-SM,5174529
SUNTECH-SM,193987329
SUNTECK,4516097
SUNTV,3431425
SUPERHOUSE,5277697
SUPERSPIN,859393
SUPRAJIT,2992385
SUPREME,7536385
SUPREMEENG-BZ,194303233
SUPREMEIND,860929
SUPREMEINF-BZ,3435265
SUPREMEPWR-SM,5393153
SUPRIYA,1891841
SURAJEST,5330433
SURAJLTD,6391297
SURAKSHA,6997505
SURANASOL,5395713
SURANAT&P,2739201
SURANI-ST,2182145
SURYALAXMI,3034113
SURYAROSNI,864001
SURYODAY,760321
SUTLEJTEX,3533057
SUVEN,2875649
SUVIDHAA,767489
SUYOG,6361857
SUZLON,3076609
SVLL,3870977
SVPGLOB,1285121
SWANCORP,6936321
SWANDEF-BE,7465985
SWARAJENG,866305
SWARAJ-SM,2203649
SWASTIK-SM,2941953
SWELECTES,3048705
SWIGGY,6928897
SWSOLAR,3197185
SYLVANPLY-SM,6212353
SYMPHONY,6192641
SYNCOMF,3069953
SYNGENE,2622209
SYNOPTICS-SM,4403969
SYRMA,2763009
SYSTANGO-SM,3713537
SYSTMTXC,194394881
TAC-SM,6000129
TAGOLDINAV,5488129
TAINWALCHM,869377
TAJGVK,2394625
TAKE-BE,3819521
TALBROAUTO,3493889
TANKUP-SM,193621761
TANLA,3577857
TAPIFRUIT-SM,2812417
TARACHAND,6019073
TARAPUR,4819713
TARC,404737
TARIL,3884545
TARMAT-BE,3782401
TARSONS,1777409
TASILVINAV,5490945
TASTYBITE,5143553
TATACAP,194371841
TATACHEM,871681
TATACOMM,952577
TATACONSUM,878593
TATAELXSI,873217
TATAGOLD,5478657
TATAINVEST,414977
TATAPOWER,877057
TATASTEEL,895745
TATATECH,5195009
TATSILV,5485569
TATVA,1321473
TAURIAN-SM,194497537
TBI-SM,6148865
TBOTEK,6077441
TBZ,6921473
TCC,195024385
TCHF30-NB,4324865
TCI,2708481
TCIEXP,4921089
TCIFINANCE,1221377
TCL-SM,5830913
TCPLPACK,47105
TCS,2953217
TDPOWERSYS,6445569
TEAMGTY,2743553
TEAMLEASE,3255297
TECH,1654273
TECHD-SM,194339329
TECHERA-SM,6566913
TECHINAV,2551041
TECHLABS-SM,5395969
TECHM,3465729
TECHNOE,1649921
TECILCHEM,883969
TEGA,1818881
TEJASCARGO-SM,7609089
TEJASNET,5409537
TEMBO,838401
TENNIND,194529281
TERASOFT,4938753
TEXINFRA,2956545
TEXMOPIPES,4662785
TEXRAIL,5587969
TFCILTD,887297
TFL,3665665
TGBHOTELS,3739393
TGL-ST,6023681
THANGAMAYL,4638209
THEINVEST,5485313
THEJO,4935425
THELEELA,193795585
THEMISMED,3708161
THERMAX,889601
THESL-SM,6565889
THOMASCOOK,891137
THOMASCOTT,7940353
THYROCARE,4360193
TI,4914177
TICL,4992257
TIGERLOGS,194349057
TIIL,3641089
TIINDIA,79873
TIJARIA-BE,6524417
TIL,891905
TIMESCAN-SM,1996801
TIMETECHNO,3764993
TIMKEN,3634689
TINNARUBR,193541121
TIPSFILMS,2911745
TIPSMUSIC,2333953
TIRUMALCHM,894977
TIRUPATIFL-BE,5704705
TIRUPATI-SM,5598209
TIT45-N0,194744321
TITAGARH,3945985
TITAN,897537
TMB,2801921
TMCV,194504193
TMPV,884737
TNIDETF,2273793
TNIDETINAV,2603265
TNPETRO,898305
TNPL,1018881
TNTELE,899073
TOKYOPLAST,982273
TOLINS,6467073
TOP100CASE,6164737
TOP100INAV,6166017
TOP10ADD,6443777
TOP10AINAV,6445825
TOP15IETF,193991937
TOP20,194666241
TOP20INAV,7831041
TOPETFINAV,7814401
TORNTPHARM,900609
TORNTPOWER,3529217
TOTAL,5740289
TOUCHWOOD,4328449
TPHQ,4350977
TPL26-N3,5279233
TPLPLASTEH,2360065
TRACXN,2964993
TRANSRAILL,7350785
TRANSTEEL-SM,5069057
TRANSWIND-SM,5442561
TRANSWORLD,801025
TRAVELFOOD,193931521
TREEHOUSE-BE,6422017
TREJHARA,1924609
TREL,4555521
TRENT,502785
TRF,4604673
TRIDENT,2479361
TRIDHYA-SM,4405761
TRIGYN,1389569
TRITURBINE,6549505
TRIVENI,3348737
TROM-SM,6308353
TRU,2400769
TRUALT,194357761
TRUST-SM,5994753
TSC-SM,194011649
TSFINV,558849
TTKHLTCARE,2910465
TTKPRESTIG,907777
TTL-BE,3665409
TTML,2292225
TUNWAL-SM,6277121
TVSELECT,2883841
TVSHLTD,7426049
TVSINVIT-IV,194201089
TVSMNCRPS-P1,194852097
TVSMOTOR,2170625
TVSSCS-BE,4647169
TVSSRICHAK,3646721
TVTODAY,2886401
TVVISION,4737025
TWCGLDINAV,7832577
TWCGOLDETF,194683393
UBL,4278529
UCAL,913921
UCL-ST,1078785
UCOBANK,2873089
UDS,4892929
UEL,6017793
UFBL,800513
UFLEX,269569
UFO,2313985
UGARSUGAR,5011969
UGROCAP,1360129
UHTL-SM,6639361
UJJIVANSFB,3898369
ULTRACEMCO,2952193
UMAEXPORTS,2263553
UMA-SM,3417345
UMESLTD-BE,4901121
UMIYA-MRO,2303489
UNGOLDINAV,7600641
UNICHEMLAB,916225
UNIDT,51457
UNIECOM,6351105
UNIENTER,2891009
UNIHEALTH-ST,4759297
UNIINFO,1994497
UNILEX-SM,6562049
UNIMECH,7413761
UNIONBANK,2752769
UNIONGOLD,7599873
UNIPARTS,3342593
UNITDSPR,2674433
UNITECH,920065
UNITEDPOLY,1935361
UNITEDTEA,4607745
UNIVAFOODS-BE,2653697
UNIVASTU,4858113
UNIVCABLES,923393
UNIVPHOTO-BE,4521217
UNOMINDA,3623425
UPL,2889473
URAVIDEF,4370177
URBANCO,194325505
URBAN-SM,4323329
URJA,5171969
USASEEDS-SM,2716161
USHAFIN-SM,6643713
USHAMART,2263041
USK-BE,3807233
UTIAMC,134913
UTIBANINAV,2603777
UTINEXINAV,2604033
UTINIFINAV,2604289
UTISENINAV,2604801
UTISXNINAV,2606593
UTKARSHBNK,4443649
UTLSOLAR,194528257
UTSSAV-SM,6329857
UTTAMSUGAR,3424257
UWCSL-SM,1521921
UYFINCORP,6560257
V2RETAIL,3780097
VADILALIND,6194177
VAIBHAVGBL,2909185
VAISHALI,4246785
VAKRANGEE,3415553
VAL30IETF,6617857
VAL30IINAV,6618625
VALIANTLAB,4919809
VALIANTORG,84481
VALUE,194946817
VALUEINAV,7836929
VARDHACRLC,2872321
VARDMNPOLY-BE,1764609
VARROC,987393
VASA-SM,326145
VASCONEQ,4636161
VASWANI,6487041
VBL,4843777
VCL,2309121
VDEAL-SM,6413825
VEDL,784129
VEEDOL,3588865
VEEKAYEM-SM,2741761
VELS-SM,3735041
VENKEYS,961793
VENTIVE,7384833
VENUSPIPES,2455553
VENUSREM,3547905
VERANDA,2275841
VERA-SM,682497
VERITAAS-SM,6086401
VERTEXPLUS-SM,3709697
VERTIS-IV,2753793
VERTOZ,4828929
VESUVIUS,941057
VETO,2214913
VGINFOTECH-SM,193807361
VGL,3525377
VGUARD,3932673
VHL,3044353
VHLTD-BE,5986817
VIAZ-SM,3664897
VICTORYEV-SM,194736897
VIDHIING,3465217
VIDYAWIRES,194617345
VIESL-SM,6459137
VIGOR-SM,194277889
VIJAYA,1429761
VIJAYPD-ST,194591745
VIJIFIN-BE,4529921
VIKASECO,6593537
VIKASLIFE,2542337
VIKRAMSOLR,194419969
VIKRAN,194297089
VILAS-SM,6120705
VILINBIO-ST,4341761
VIMTALABS,3353857
VINATIORGA,4445185
VINCOFE,6613761
VINDHYATEL,945665
VINEETLAB,974593
VINNY,3197441
VINSYS-SM,4581889
VINYAS-SM,4916737
VINYLINDIA,4306177
VIPCLOTHNG,3799809
VIPIND,947969
VIPULLTD-BE,2159873
VIRINCHI,3915521
VISAKAIND,1080577
VISAMAN-ST,6214913
VISASTEEL,3403521
VISHNU,1768449
VISHNUINFR-SM,4940801
VISHWARAJ,3507713
VISHWAS-SM,5982721
VITAL,194853889
VIVIANA-SM,2807553
VIVIDEL-ST,195013377
VIVIDHA,7648513
VIVIMEDLAB,3063041
VIVO-SM,1948161
VIYASH,3659777
VLEGOV,4611073
VLINFRA-SM,6299137
VLSFINANCE,951041
VMARCIND-SM,816129
VMART,7496705
VMM,7160065
VMSTMT,194342913
VOLERCAR-SM,7592449
VOLTAMP,3475713
VOLTAS,951809
VPRPL,4695297
VRAJ,6226177
VRLLOG,2226177
VR-SM,5892609
VSCL-SM,5369089
VSSL,6929153
VSTIND,953345
VSTL,5818881
VSTTILLERS,6218753
VTL,530689
WAAREEENER,6632193
WAAREEINDO,5108481
WAAREERTL,193545729
WABAG,5168129
WAKEFIT,194626305
WALCHANNAG,956417
WALPAR-SM,1283329
WANBURY-BE,3601153
WCIL,6503169
WEALTH,492289
WEBELSOLAR,3738113
WEIZMANIND,959489
WEL,2005761
WELCORP,3026177
WELENT,2976257
WELINV,5068801
WELSPUNLIV,2880769
WENDT,1084161
WESTLIFE,2964481
WEWIN,2524673
WEWORK,194415105
WHEELS,964097
WHIRLPOOL,4610817
WHITEFORCE-SM,193962241
WILLAMAGOR,965633
WINDLAS,1373697
WINDMACHIN,6392065
WINNY-SM,6188289
WINSOL-SM,6070785
WINSOME-BZ,3777793
WIPL,5243137
WIPRO,969473
WOCKPHARMA,1921537
WOL3D-SM,6554113
WOMANCART-SM,5024513
WONDERLA,768513
WORTHPERI,5702913
WSI,3795969
WSTCSTPAPR,972545
WTICAB-SM,5817601
XCHANGING,2996481
XELPMOC,2170113
XPROINDIA,2920193
XTGLOBAL,6460161
YAAP-SM,194782721
YASHO,4641537
YASHOPTICS-SM,6003457
YATHARTH,4540929
YATRA,4802561
YCCL-SM,4512513
YESBANK,3050241
YUDIZ-ST,4621057
YUKEN,1408257
ZAGGLE,4763649
ZEAL-SM,4548097
ZEEL,975873
ZEELEARN,5338113
ZEEMEDIA-BE,3585537
ZENITHDRUG-SM,5837569
ZENITHEXPO,1069057
ZENITHSTL,3727873
ZENSARTECH,275457
ZENTEC,1922049
ZFCVINDIA,4330241
ZIMLAB,3170305
ZODIAC,1825025
ZODIACLOTH,978177
ZOTA,2916865
ZTECH-SM,6137857
ZUARI,7436801
ZUARIIND,979713
ZYDUSLIFE,2029825
ZYDUSWELL,4514561
